City,County,State,Address,State Code,County Code,Site Num,address,latitude,longitude,formatted_address
Phoenix,Maricopa,Arizona,1645 E ROOSEVELT ST-CENTRAL PHOENIX STN,4,13,3002,"1645 E ROOSEVELT ST-CENTRAL PHOENIX STN, Phoenix, Arizona",33.4584262,-112.0465744,"1645 E Roosevelt St, Phoenix, AZ 85006, USA"
Scottsdale,Maricopa,Arizona,2857 N MILLER RD-S SCOTTSDALE STN,4,13,3003,"2857 N MILLER RD-S SCOTTSDALE STN, Scottsdale, Arizona",33.4797648,-111.9172391,"2857 N Miller Rd, Scottsdale, AZ 85257, USA"
Tucson,Pima,Arizona,"1237 S. BEVERLY , TUCSON",4,19,1011,"1237 S. BEVERLY , TUCSON, Tucson, Arizona",32.2062306,-110.8793786,"1237 S Beverly Ave, Tucson, AZ 85711, USA"
Concord,Contra Costa,California,2956-A TREAT BOULEVARD,6,13,2,"2956-A TREAT BOULEVARD, Concord, California",37.9362718,-122.025806,"2956 Treat Blvd a, Concord, CA 94518, USA"
Bethel Island,Contra Costa,California,5551 BETHEL ISLAND RD,6,13,1002,"5551 BETHEL ISLAND RD, Bethel Island, California",38.006241,-121.643328,"5551 Bethel Island Rd, Oakley, CA 94561, USA"
San Pablo,Contra Costa,California,"UNIT 759 EL PORTAL SHOPPING CENTER, San Pablo",6,13,1003,"UNIT 759 EL PORTAL SHOPPING CENTER, San Pablo, San Pablo, California",37.9621457,-122.3455263,"San Pablo, CA, USA"
Pittsburg,Contra Costa,California,"583 W. 10TH ST., PITTSBURG",6,13,3001,"583 W. 10TH ST., PITTSBURG, Pittsburg, California",38.0291956,-121.8969494,"583 W 10th St, Pittsburg, CA 94565, USA"
Calexico,Imperial,California,"1029 ETHEL ST, CALEXICO HIGH SCHOOL",6,25,5,"1029 ETHEL ST, CALEXICO HIGH SCHOOL, Calexico, California",32.6760968,-115.4883507,"1029 Ethel St, Calexico, CA 92231, USA"
Bakersfield,Kern,California,"5558 California Ave., Bakersfield CA 93309",6,29,14,"5558 California Ave., Bakersfield CA 93309, Bakersfield, California",35.356401,-119.0626585,"5558 California Ave, Bakersfield, CA 93309, USA"
Burbank,Los Angeles,California,"228 W. PALM AVE., BURBANK",6,37,1002,"228 W. PALM AVE., BURBANK, Burbank, California",34.1760151,-118.3169943,"228 W Palm Ave, Burbank, CA 91502, USA"
Los Angeles,Los Angeles,California,"1630 N MAIN ST, LOS ANGELES",6,37,1103,"1630 N MAIN ST, LOS ANGELES, Los Angeles, California",34.0659568,-118.2285241,"1630 N Main St, Los Angeles, CA 90012, USA"
Long Beach,Los Angeles,California,"3648 N. LONG BEACH BLVD., LONG BEACH",6,37,4002,"3648 N. LONG BEACH BLVD., LONG BEACH, Long Beach, California",33.8420753,-118.1921414,"3648 N Long Beach Blvd, Long Beach, CA 90807, USA"
Hawthorne,Los Angeles,California,"5234 W. 120TH ST., HAWTHORNE",6,37,5001,"5234 W. 120TH ST., HAWTHORNE, Hawthorne, California",33.92358189999999,-118.3711918,"5234 W 120th St, Hawthorne, CA 90250, USA"
Costa Mesa,Orange,California,"2850 MESA VERDE DR EAST, COSTA MESA",6,59,1003,"2850 MESA VERDE DR EAST, COSTA MESA, Costa Mesa, California",33.6745284,-117.9257522,"P, 2850 Mesa Verde Dr E, Costa Mesa, CA 92626, USA"
Rubidoux,Riverside,California,"5888 MISSION BLVD., RUBIDOUX",6,65,8001,"5888 MISSION BLVD., RUBIDOUX, Rubidoux, California",34.0005504,-117.4151657,"5888 Mission Blvd, Riverside, CA 92509, USA"
Not in a city,Sacramento,California,"7823 BLACKFOOT WAY, NORTH HIGHLANDS",6,67,2,"7823 BLACKFOOT WAY, NORTH HIGHLANDS, Not in a city, California",38.7101604,-121.3737832,"7823 Blackfoot Way, Antelope, CA 95843, USA"
Arden-Arcade,Sacramento,California,"DEL PASO-2701 AVALON DR, SACRAMENTO",6,67,6,"DEL PASO-2701 AVALON DR, SACRAMENTO, Arden-Arcade, California",38.6135997,-121.3677609,"2701 Avalon Dr, Sacramento, CA 95821, USA"
Victorville,San Bernardino,California,"14306 PARK AVE., VICTORVILLE, CA",6,71,306,"14306 PARK AVE., VICTORVILLE, CA, Victorville, California",34.5108307,-117.325296,"14306 Park Ave, Victorville, CA 92392, USA"
Chula Vista,San Diego,California,"80 E. 'J' ST., CHULA VISTA",6,73,1,"80 E. 'J' ST., CHULA VISTA, Chula Vista, California",32.6297943,-117.0654323,"80 J St, Chula Vista, CA 91910, USA"
San Diego,San Diego,California,"330A 12TH AVE., SAN DIEGO, CA. 92112",6,73,1007,"330A 12TH AVE., SAN DIEGO, CA. 92112, San Diego, California",32.709415,-117.1537955,"330 12th Ave, San Diego, CA 92101, USA"
San Diego,San Diego,California,"1100 PASEO INTERNATIONAL, OTAY MESA, CA",6,73,2007,"1100 PASEO INTERNATIONAL, OTAY MESA, CA, San Diego, California",32.5520362,-116.937438,"Paseo Internacional, San Diego, CA 92154, USA"
San Francisco,San Francisco,California,10 ARKANSAS ST.,6,75,5,"10 ARKANSAS ST., San Francisco, California",37.7660566,-122.3990517,"10 Arkansas St, San Francisco, CA 94107, USA"
Capitan,Santa Barbara,California,LFC #1-LAS FLORES CANYON,6,83,1025,"LFC #1-LAS FLORES CANYON, Capitan, California",,,
Lompoc,Santa Barbara,California,"128 S 'H' ST, LOMPOC",6,83,2004,"128 S 'H' ST, LOMPOC, Lompoc, California",34.6402014,-120.4578074,"128 N H St, Lompoc, CA 93436, USA"
Goleta,Santa Barbara,California,"380 N FAIRVIEW AVENUE, GOLETA",6,83,2011,"380 N FAIRVIEW AVENUE, GOLETA, Goleta, California",34.445138,-119.8296878,"380 N Fairview Ave, Goleta, CA 93117, USA"
Vandenberg Air Force Base,Santa Barbara,California,"STS POWER PLANT, VANDENBERG AFB",6,83,4003,"STS POWER PLANT, VANDENBERG AFB, Vandenberg Air Force Base, California",34.7420267,-120.5724404,"747 Nebraska Ave, Vandenberg Space Force Base, CA 93437, USA"
Davenport,Santa Cruz,California, Center St,6,87,3," Center St, Davenport, California",37.0115806,-122.1941483,"Center St, Davenport, CA 95017, USA"
Vallejo,Solano,California,304 TUOLUMNE ST.,6,95,4,"304 TUOLUMNE ST., Vallejo, California",38.1024934,-122.2381179,"304 Tuolumne St, Vallejo, CA 94590, USA"
Not in a city,Ventura,California,"545 CENTRAL AVENUE, OXNARD, CA  93030",6,111,3001,"545 CENTRAL AVENUE, OXNARD, CA  93030, Not in a city, California",34.1976816,-119.1774639,"Oxnard, CA, USA"
Welby,Adams,Colorado,3174 E. 78TH AVE.,8,1,3001,"3174 E. 78TH AVE., Welby, Colorado",39.8382499,-104.9501244,"3174 E 78th Ave, Denver, CO 80229, USA"
Washington,District of Columbia,District Of Columbia,"420 34th Street N.E.,Washington, DC 20019",11,1,41,"420 34th Street N.E.,Washington, DC 20019, Washington, District Of Columbia",38.895393,-76.95854,"420 34th St NE, Washington, DC 20019, USA"
Winter Park,Orange,Florida,MORRIS BLVD.,12,95,2002,"MORRIS BLVD., Winter Park, Florida",28.5949767,-81.3508787,"Winter Park, FL, USA"
Chicago,Cook,Illinois,321 S. FRANKLIN,17,31,63,"321 S. FRANKLIN, Chicago, Illinois",41.8776232,-87.6348721,"321 S Franklin St, Chicago, IL 60606, USA"
Cicero,Cook,Illinois,1820 S. 51ST AVE.,17,31,4002,"1820 S. 51ST AVE., Cicero, Illinois",41.8557272,-87.75220379999999,"Parkholme, 1820 S 51st Ave, Cicero, IL 60804, USA"
Calumet City (PU RR name Calumet Park (sta.)),Cook,Illinois,1703 STATE ST.,17,31,8003,"1703 STATE ST., Calumet City (PU RR name Calumet Park (sta.)), Illinois",41.6298326,-87.56678289999999,"1703 State St, Calumet City, IL 60409, USA"
Indianapolis (Remainder),Marion,Indiana,"NAVAL AVIONICS CENTER, 6125 E. 16TH ST.",18,97,73,"NAVAL AVIONICS CENTER, 6125 E. 16TH ST., Indianapolis (Remainder), Indiana",39.7887331,-86.06096959999999,"6125 E 16th St, Indianapolis, IN 46219, USA"
Not in a city,Linn,Kansas,COUNTY RD 1103 .7 MI SOUTH OF K-52,20,107,2,"COUNTY RD 1103 .7 MI SOUTH OF K-52, Not in a city, Kansas",38.1901119,-94.7042301,"KS-52, Kansas, USA"
Not in a city,Sumner,Kansas,"707 E 119TH ST SOUTH,PECK COMMUNITY BLDG",20,191,2,"707 E 119TH ST SOUTH,PECK COMMUNITY BLDG, Not in a city, Kansas",37.4761795,-97.3279542,"707 East 119th St S, Peck, KS 67120, USA"
Kansas City,Wyandotte,Kansas,"1210 N. 10TH ST.,JFK RECREATION CENTER",20,209,21,"1210 N. 10TH ST.,JFK RECREATION CENTER, Kansas City, Kansas",39.1181407,-94.6355366,"1210 N 10th St, Kansas City, KS 66102, USA"
Ashland,Boyd,Kentucky,32ND & RAILROAD STS.,21,19,15,"32ND & RAILROAD STS., Ashland, Kentucky",38.4662244,-82.6214734,"32nd St & Railroad Ave, Ashland, KY 41101, USA"
Not in a city,Daviess,Kentucky,716 PLEASANT VALLEY ROAD,21,59,5,"716 PLEASANT VALLEY ROAD, Not in a city, Kentucky",37.7813343,-87.07389150000002,"716 Pleasant Valley Rd, Owensboro, KY 42303, USA"
Lexington-Fayette (corporate name for Lexington),Fayette,Kentucky,"FAYETTE COUNTY HEALTH DEPT, 650 NEWTOWN PIKE",21,67,12,"FAYETTE COUNTY HEALTH DEPT, 650 NEWTOWN PIKE, Lexington-Fayette (corporate name for Lexington), Kentucky",38.0647612,-84.49850239999999,"650 Newtown Pike, Lexington, KY 40508, USA"
Henderson,Henderson,Kentucky,NORTH GREEN STREET,21,101,13,"NORTH GREEN STREET, Henderson, Kentucky",37.8483058,-87.5827464,"N Green St, Henderson, KY 42420, USA"
Louisville,Jefferson,Kentucky,"7201 WATSON LN, WATSON LN ELEMENTARY SCH",21,111,51,"7201 WATSON LN, WATSON LN ELEMENTARY SCH, Louisville, Kentucky",38.0610963,-85.89709979999999,"7201 Watson Ln, Louisville, KY 40272, USA"
Paducah,McCracken,Kentucky,"JACKSON PURCHASE RECC, 2901 POWELL STREET",21,145,1024,"JACKSON PURCHASE RECC, 2901 POWELL STREET, Paducah, Kentucky",37.0576779,-88.5731655,"2901 Powell St, Paducah, KY 42003, USA"
Baton Rouge,East Baton Rouge,Louisiana,1061-A Leesville Ave,22,33,9,"1061-A Leesville Ave, Baton Rouge, Louisiana",30.4620159,-91.17922809999999,"1061 Leesville Ave a, Baton Rouge, LA 70802, USA"
Detroit,Wayne,Michigan,2451 MARQUETTE,26,163,16,"2451 MARQUETTE, Detroit, Michigan",42.3579372,-83.0952458,"2451 Marquette St, Detroit, MI 48208, USA"
Sunset Hills,Saint Louis,Missouri,"Sunset Hills: 4580 South Lindbergh & Gravios, Sunset Hills, MO 63126",29,189,4,"Sunset Hills: 4580 South Lindbergh & Gravios, Sunset Hills, MO 63126, Sunset Hills, Missouri",38.5319165,-90.38270059999999,"4580 S Lindbergh Blvd, St. Louis, MO 63127, USA"
Not in a city,Saint Louis,Missouri,305 WEIDMAN ROAD (QUEENY),29,189,6,"305 WEIDMAN ROAD (QUEENY), Not in a city, Missouri",38.58970170000001,-90.4930763,"305 S Weidman Rd, Ballwin, MO 63021, USA"
Ladue,Saint Louis,Missouri,"LADUE: 73 Hunter Avenue, Ladue, MO 63105",29,189,3001,"LADUE: 73 Hunter Avenue, Ladue, MO 63105, Ladue, Missouri",38.6511791,-90.35039139999999,"73 Hunter Ave, St. Louis, MO 63124, USA"
Ferguson,Saint Louis,Missouri,3400 PERSHALL ROAD,29,189,5001,"3400 PERSHALL ROAD, Ferguson, Missouri",38.7673952,-90.28313399999999,"3400 Pershall Rd, Ferguson, MO 63135, USA"
St. Ann,Saint Louis,Missouri,10267 ST CHARLES ROCK ROAD,29,189,7002,"10267 ST CHARLES ROCK ROAD, St. Ann, Missouri",38.7278896,-90.3793352,"10267 St Charles Rock Rd, St Ann, MO 63074, USA"
St. Louis,St. Louis City,Missouri,"MARGARETTA: 4520 Margaretta, St. Louis, MO 63115",29,510,86,"MARGARETTA: 4520 Margaretta, St. Louis, MO 63115, St. Louis, Missouri",38.6734439,-90.238777,"4520 Margaretta Ave, St. Louis, MO 63115, USA"
Camden,Camden,New Jersey,COPEWOOD E. DAVIS STS; TRAILER,34,7,3,"COPEWOOD E. DAVIS STS; TRAILER, Camden, New Jersey",39.9248911,-75.0948674,"Copewood St, Camden, NJ, USA"
New York,Bronx,New York,200TH STREET AND SOUTHERN BLVD Harding Lab,36,5,83,"200TH STREET AND SOUTHERN BLVD Harding Lab, New York, New York",40.8661356,-73.88272049999999,"Bedford Park Blvd & Southern Blvd, Bronx, NY 10458, USA"
New York,Queens,New York,56TH AVE AT SPRINGFIELD BLVD,36,81,97,"56TH AVE AT SPRINGFIELD BLVD, New York, New York",40.7523661,-73.7593614,"Springfield Blvd & 56th Ave, Queens, NY 11364, USA"
Holtsville,Suffolk,New York,57 DIVISION STREET,36,103,9,"57 DIVISION STREET, Holtsville, New York",40.8273233,-73.056654,"57 Division St, Holtsville, NY 11742, USA"
Winston-Salem,Forsyth,North Carolina,1300 BLK. HATTIE AVENUE,37,67,22,"1300 BLK. HATTIE AVENUE, Winston-Salem, North Carolina",36.1108529,-80.2241013,"1300 Hattie Ave, Winston-Salem, NC 27101, USA"
Charlotte,Mecklenburg,North Carolina,1130 EASTWAY DRIVE,37,119,41,"1130 EASTWAY DRIVE, Charlotte, North Carolina",35.240886,-80.7789706,"1130 Eastway Dr, Charlotte, NC 28205, USA"
Park Hill,Cherokee,Oklahoma,"P.O. BOX 948   TAHLEQUAH, OK  74464",40,21,9002,"P.O. BOX 948   TAHLEQUAH, OK  74464, Park Hill, Oklahoma",35.91537,-94.969956,"Tahlequah, OK 74464, USA"
Ponca City,Kay,Oklahoma,"RT 1, BOX 1980  PONCA CITY, OK  74601",40,71,9003,"RT 1, BOX 1980  PONCA CITY, OK  74601, Ponca City, Oklahoma",36.6893562,-97.1035613,"1st St, Ponca City, OK 74601, USA"
Pittsburgh,Allegheny,Pennsylvania,CARNEGIE SCIENCE CENTER - 1 ALLEGHENY RD,42,3,10,"CARNEGIE SCIENCE CENTER - 1 ALLEGHENY RD, Pittsburgh, Pennsylvania",40.4456828,-80.01818519999999,"1 Allegheny Ave, Pittsburgh, PA 15212, USA"
Beaver Falls,Beaver,Pennsylvania,EIGHT STREET AND RIVER ALLEY,42,7,14,"EIGHT STREET AND RIVER ALLEY, Beaver Falls, Pennsylvania",40.7520097,-80.31922949999999,"Beaver Falls, PA 15010, USA"
Reading,Berks,Pennsylvania,UGI CO MONGANTOWN RD AND PROSPECT ST,42,11,9,"UGI CO MONGANTOWN RD AND PROSPECT ST, Reading, Pennsylvania",40.3199083,-75.92618829999999,"Morgantown Rd & Prospect Ave, Reading, PA 19611, USA"
Altoona,Blair,Pennsylvania,2ND AVE & 7TH ST,42,13,801,"2ND AVE & 7TH ST, Altoona, Pennsylvania",40.5149842,-78.3885792,"7th St & 2nd Ave, Altoona, PA 16602, USA"
Bristol,Bucks,Pennsylvania,ROCKVIEW LANE,42,17,12,"ROCKVIEW LANE, Bristol, Pennsylvania",40.1100403,-74.881486,"Rockview Dr, Bristol Township, PA 19007, USA"
Johnstown,Cambria,Pennsylvania,MILLER AUTO SHOP 1 MESSENGER ST,42,21,11,"MILLER AUTO SHOP 1 MESSENGER ST, Johnstown, Pennsylvania",40.3088916,-78.9154274,"1 Messenger St, Johnstown, PA 15902, USA"
Scranton,Lackawanna,Pennsylvania,GEORGE ST TROOP AND CITY OF SCRANTON,42,69,2006,"GEORGE ST TROOP AND CITY OF SCRANTON, Scranton, Pennsylvania",41.410314,-75.661099,"Scranton, PA, USA"
Lancaster,Lancaster,Pennsylvania,ABRAHAM LINCOLN JR HIGH GROFFTOWN RD,42,71,7,"ABRAHAM LINCOLN JR HIGH GROFFTOWN RD, Lancaster, Pennsylvania",40.0449787,-76.2836779,"Grofftown Rd, Lancaster, PA 17602, USA"
New Castle,Lawrence,Pennsylvania,CROTON ST & JEFFERSON ST.,42,73,15,"CROTON ST & JEFFERSON ST., New Castle, Pennsylvania",41.006653,-80.3292558,"N Croton Ave, New Castle, PA 16101, USA"
Norristown,Montgomery,Pennsylvania,STATE ARMORY - 1046 BELVOIR RD,42,91,13,"STATE ARMORY - 1046 BELVOIR RD, Norristown, Pennsylvania",40.1123495,-75.3097788,"1046 Belvoir Rd, Plymouth Meeting, PA 19462, USA"
Freemansburg,Northampton,Pennsylvania,WASHINGTON & CAMBRIA STS. FREEMANSBURG,42,95,25,"WASHINGTON & CAMBRIA STS. FREEMANSBURG, Freemansburg, Pennsylvania",40.6264875,-75.34573499999999,"Freemansburg, PA, USA"
Philadelphia,Philadelphia,Pennsylvania,1501 E. LYCOMING AVE.,42,101,4,"1501 E. LYCOMING AVE., Philadelphia, Pennsylvania",40.0089686,-75.0979869,"1501 E Lycoming St, Philadelphia, PA 19124, USA"
Charleroi,Washington,Pennsylvania,CHARLER01 WASTE TREATMENT PLANT,42,125,5,"CHARLER01 WASTE TREATMENT PLANT, Charleroi, Pennsylvania",40.1378499,-79.89810349999999,"Charleroi, PA 15022, USA"
Greensburg,Westmoreland,Pennsylvania,DONOHOE ROAD - PENN DOT MAINT DIST BLDG,42,129,8,"DONOHOE ROAD - PENN DOT MAINT DIST BLDG, Greensburg, Pennsylvania",40.3158282,-79.4599069,"Donohoe Rd, Pennsylvania, USA"
York,York,Pennsylvania,HILL ST.,42,133,8,"HILL ST., York, Pennsylvania",39.9665811,-76.6998881,"Hill St, York, PA 17403, USA"
Dallas,Dallas,Texas,1415 Hinton Street,48,113,69,"1415 Hinton Street, Dallas, Texas",32.8192829,-96.8603768,"1415 Hinton St, Dallas, TX 75235, USA"
El Paso,El Paso,Texas,250 Rim Rd,48,141,37,"250 Rim Rd, El Paso, Texas",31.7708765,-106.4967075,"250 Rim Rd, El Paso, TX 79902, USA"
El Paso,El Paso,Texas,5050A Yvette Drive,48,141,58,"5050A Yvette Drive, El Paso, Texas",31.7324231,-106.2784209,"Missy Yvette Dr, El Paso, TX 79936, USA"
Houston,Harris,Texas,9525 1/2 Clinton Dr,48,201,1035,"9525 1/2 Clinton Dr, Houston, Texas",29.7339973,-95.258134,"9525 Clinton Dr, Houston, TX 77029, USA"
Not in a city,Fairfax,Virginia,CUB RUN LEE RD CHANT.(CUBRUN TREAT PLANT,51,59,5,"CUB RUN LEE RD CHANT.(CUBRUN TREAT PLANT, Not in a city, Virginia",37.4315734,-78.6568942,"Virginia, USA"
Seven Corners,Fairfax,Virginia,          6100 ARLINGTON BLVD MONTG WARD,51,59,1004,"          6100 ARLINGTON BLVD MONTG WARD, Seven Corners, Virginia",38.868555,-77.1422248,"6100 Arlington Blvd, Falls Church, VA 22044, USA"
McLean,Fairfax,Virginia,LEWINSVILLE 1437 BALLS HILL RD,51,59,5001,"LEWINSVILLE 1437 BALLS HILL RD, McLean, Virginia",38.9326984,-77.1984865,"1437 Balls Hill Rd, McLean, VA 22101, USA"
Alexandria,Alexandria City,Virginia,"517 N SAINT ASAPH ST, ALEXANDRIA HEALTH",51,510,9,"517 N SAINT ASAPH ST, ALEXANDRIA HEALTH, Alexandria, Virginia",38.8099866,-77.0445462,"517 N St Asaph St, Alexandria, VA 22314, USA"
Oakland,Alameda,California,6701 INTERNATIONAL BLVD,6,1,10,"6701 INTERNATIONAL BLVD, Oakland, California",37.7609778,-122.1919136,"6701 International Blvd, Oakland, CA 94621, USA"
Crockett,Contra Costa,California,1098 POMONA STREET,6,13,10,"1098 POMONA STREET, Crockett, California",38.0532134,-122.2221445,"1098 Pomona St, Crockett, CA 94525, USA"
Los Angeles,Los Angeles,California,651 S. MOTT STREET (SB 25 TRAILER),6,37,30,"651 S. MOTT STREET (SB 25 TRAILER), Los Angeles, California",34.0346445,-118.2110628,"651 S Mott St, Los Angeles, CA 90023, USA"
West Los Angeles,Los Angeles,California,"1115 N. MAHAR AVENUE WILMINGTON, CA",6,37,31,"1115 N. MAHAR AVENUE WILMINGTON, CA, West Los Angeles, California",33.7857763,-118.2467436,"1115 Mahar Ave, Wilmington, CA 90744, USA"
East Saint Louis,Saint Clair,Illinois,13TH & TUDOR,17,163,10,"13TH & TUDOR, East Saint Louis, Illinois",38.604578,-90.1524515,"Tudor Ave, East St Louis, IL, USA"
Ashland,Boyd,Kentucky,"FIVCO HEALTH DEPARTMENT, 2924 HOLT STREET",21,19,17,"FIVCO HEALTH DEPARTMENT, 2924 HOLT STREET, Ashland, Kentucky",38.459673,-82.6406935,"2924 Holt St, Ashland, KY 41101, USA"
Boston,Suffolk,Massachusetts,HARRISON AVE,25,25,42,"HARRISON AVE, Boston, Massachusetts",42.3388241,-71.0703135,"Harrison Ave, Boston, MA, USA"
Breckenridge Hills,Saint Louis,Missouri,"9630 ST CHAS ROCK RD, BREKENRIDGE 63314",29,189,7003,"9630 ST CHAS ROCK RD, BREKENRIDGE 63314, Breckenridge Hills, Missouri",38.7193767,-90.36687739999999,"9630 St Charles Rock Rd, Breckenridge Hills, MO 63114, USA"
Boulder City,Clark,Nevada,1005 INDUSTRIAL ROAD,32,3,601,"1005 INDUSTRIAL ROAD, Boulder City, Nevada",35.977826,-114.8470577,"1005 Industrial Rd, Boulder City, NV 89005, USA"
Newark,Essex,New Jersey,"LEXINGTON & E. FERRY STS., NEWARK",34,13,16,"LEXINGTON & E. FERRY STS., NEWARK, Newark, New Jersey",40.7315293,-74.1744671,"Newark, NJ, USA"
New York,Queens,New York,Queens College   65-30 Kissena Blvd  Parking Lot#6,36,81,124,"Queens College   65-30 Kissena Blvd  Parking Lot#6, New York, New York",40.7372003,-73.8245359,"Queens Hall, 65-21 Main St #6, Flushing, NY 11367, USA"
Miami,Ottawa,Oklahoma,"QUAPAW TRIBE'S INDUSTRIAL PARK, MIAMI",40,115,9004,"QUAPAW TRIBE'S INDUSTRIAL PARK, MIAMI, Miami, Oklahoma",36.8745146,-94.8774554,"Miami, OK 74354, USA"
San Pablo,Contra Costa,California,"1865 D RUMRILL BLVD, San Pablo",6,13,1004,"1865 D RUMRILL BLVD, San Pablo, San Pablo, California",37.9603832,-122.3568197,"1865 Rumrill Blvd, San Pablo, CA 94806, USA"
Grand Rapids,Kent,Michigan,1179 MONROE NW,26,81,20,"1179 MONROE NW, Grand Rapids, Michigan",42.9844794,-85.6712665,"1179 Monroe Ave NW, Grand Rapids, MI 49503, USA"
Manchester,Hillsborough,New Hampshire,PEARL ST,33,11,20,"PEARL ST, Manchester, New Hampshire",42.9965634,-71.4541231,"Pearl St, Manchester, NH, USA"
Not in a city,Haywood,Tennessee,1741 HILLVILLE LOOP ROAD,47,75,3,"1741 HILLVILLE LOOP ROAD, Not in a city, Tennessee",35.4677793,-89.1713697,"1741 Hillville Loop, Whiteville, TN 38075, USA"
Not in a city,Meigs,Tennessee,8401 HIGHWAY 60,47,121,104,"8401 HIGHWAY 60, Not in a city, Tennessee",35.2904151,-84.94699609999999,"8401 TN-60, Georgetown, TN 37336, USA"
Fresno,Fresno,California,1005 W. WELDON AVENUE,6,19,243,"1005 W. WELDON AVENUE, Fresno, California",36.7673955,-119.8225869,"1005 W Weldon Ave, Fresno, CA 93705, USA"
Fresno,Fresno,California,MOBILE,6,19,244,"MOBILE, Fresno, California",36.8088067,-119.7818398,"388 E Shaw Ave, Fresno, CA 93710, USA"
Not in a city,Charleston,South Carolina,390 BULLS ISLAND ROAD (AWENDAW) [Cape Romain],45,19,46,"390 BULLS ISLAND ROAD (AWENDAW) [Cape Romain], Not in a city, South Carolina",32.9905691,-79.6461092,"Awendaw, SC 29429, USA"
Los Angeles,Los Angeles,California,7201 W. WESTCHESTER PARKWAY,6,37,5005,"7201 W. WESTCHESTER PARKWAY, Los Angeles, California",33.95312,-118.42017,"7201 Westchester Pkwy, Los Angeles, CA 90045, USA"
San Francisco,San Francisco,California,"100 WHITNEY YOUNG CIRCLE, SAN FRANCISCO",6,75,6,"100 WHITNEY YOUNG CIRCLE, SAN FRANCISCO, San Francisco, California",37.7340456,-122.3840568,"100 Whitney Young Cir, San Francisco, CA 94124, USA"
Phoenix,Maricopa,Arizona,4530 N 17TH AVENUE,4,13,9997,"4530 N 17TH AVENUE, Phoenix, Arizona",33.503616,-112.0958365,"4530 N 17th Ave, Phoenix, AZ 85015, USA"
San Diego,San Diego,California,"1110 BEARDSLEY STREET, SAN DIEGO, CA 92112",6,73,1010,"1110 BEARDSLEY STREET, SAN DIEGO, CA 92112, San Diego, California",32.7011313,-117.1483728,"1110 Beardsley St, San Diego, CA 92113, USA"
Denver,Denver,Colorado,2105 BROADWAY,8,31,2,"2105 BROADWAY, Denver, Colorado",39.7511725,-104.9876488,"2105 Broadway, Denver, CO 80205, USA"
Kenner,Jefferson,Louisiana,West Temple Pl,22,51,1001,"West Temple Pl, Kenner, Louisiana",30.0409127,-90.2730582,"W Temple St, Kenner, LA 70065, USA"
Erie,Erie,Pennsylvania,10TH AND MARNE STREETS,42,49,3,"10TH AND MARNE STREETS, Erie, Pennsylvania",42.1425949,-80.0397928,"Marne Rd, Erie, PA 16511, USA"
Eureka,Humboldt,California,717 SOUTH AVENUE,6,23,1004,"717 SOUTH AVENUE, Eureka, California",40.776368,-124.1784029,"717 South Ave, Eureka, CA 95503, USA"
New Haven,New Haven,Connecticut,1JAMES STREET,9,9,27,"1JAMES STREET, New Haven, Connecticut",41.3015183,-72.9019278,"1 James St, New Haven, CT 06513, USA"
Davenport,Scott,Iowa,10TH ST. & VINE ST. DAVENPORT,19,163,15,"10TH ST. & VINE ST. DAVENPORT, Davenport, Iowa",41.5298909,-90.5873464,"W 10th St & Vine St, Davenport, IA 52804, USA"
Presque Isle,Aroostook,Maine,"8 NORTHERN ROAD, PRESQUE ISLE, ME 04769",23,3,1100,"8 NORTHERN ROAD, PRESQUE ISLE, ME 04769, Presque Isle, Maine",46.6969423,-68.033486,"8 Northern Rd, Presque Isle, ME 04769, USA"
Essex,Baltimore,Maryland,600 Dorsey Avenue,24,5,3001,"600 Dorsey Avenue, Essex, Maryland",39.310555,-76.4740166,"600 Dorsey Ave, Essex, MD 21221, USA"
Tulsa,Tulsa,Oklahoma,3520 1/2 N. PEORIA,40,143,1127,"3520 1/2 N. PEORIA, Tulsa, Oklahoma",36.1597792,-95.97528609999999,"1/2 N Peoria Ave, Tulsa, OK 74126, USA"
Not in a city,Dauphin,Pennsylvania,"651 Gibson Blvd., Harrisburg, PA 17104",42,43,401,"651 Gibson Blvd., Harrisburg, PA 17104, Not in a city, Pennsylvania",40.2731911,-76.8867008,"Harrisburg, PA, USA"
Wilkes-Barre,Luzerne,Pennsylvania,CHILWICK & WASHINGTON STS,42,79,1101,"CHILWICK & WASHINGTON STS, Wilkes-Barre, Pennsylvania",41.2663051,-75.8468094,"Chilwick St, Wilkes-Barre, PA 18705, USA"
Houston,Harris,Texas,7421 Park Place Blvd,48,201,416,"7421 Park Place Blvd, Houston, Texas",29.6855971,-95.294806,"7421 Park Pl Blvd, Houston, TX 77087, USA"
Annandale,Fairfax,Virginia,6507 COLUMBIA PIKE,51,59,1005,"6507 COLUMBIA PIKE, Annandale, Virginia",38.8374633,-77.1635558,"6507 Columbia Pike, Annandale, VA 22003, USA"
Milwaukee,Milwaukee,Wisconsin,2300 N M. L. KING JR DR,55,79,26,"2300 N M. L. KING JR DR, Milwaukee, Wisconsin",43.060706,-87.9137054,"2300 N Doctor M.L.K. Jr Dr, Milwaukee, WI 53212, USA"
Tijuana,BAJA CALIFORNIA NORTE,Country Of Mexico,"13891 CAJEME, LA MESA",80,2,3,"13891 CAJEME, LA MESA, Tijuana, Country Of Mexico",32.4947554,-116.9766872,"Cajeme, Sonora, 22195 Tijuana, B.C., Mexico"
Rosarito,BAJA CALIFORNIA NORTE,Country Of Mexico,"3 BLKS E BLVD BENITO JUAREZ, ROSARITO",80,2,4,"3 BLKS E BLVD BENITO JUAREZ, ROSARITO, Rosarito, Country Of Mexico",32.3504568,-117.0598891,"Blvd. Benito Juárez, Playas de Rosarito, B.C., Mexico"
Mexicali,BAJA CALIFORNIA NORTE,Country Of Mexico,"UABC, CALZADA BENITO JUAREZ, MEXICALI",80,2,12,"UABC, CALZADA BENITO JUAREZ, MEXICALI, Mexicali, Country Of Mexico",32.6316991,-115.4446964,"S/N, Blvd. Benito Juárez, Insurgentes Este, 21280 Mexicali, Baja California, Mexico"
North Little Rock,Pulaski,Arkansas,PIKE AVE AT RIVER ROAD,5,119,7,"PIKE AVE AT RIVER ROAD, North Little Rock, Arkansas",34.7802495,-92.2777603,"Pike Ave, North Little Rock, AR, USA"
Berkeley,Alameda,California,1340 Sixth Street,6,1,2004,"1340 Sixth Street, Berkeley, California",37.8777467,-122.3010775,"1340 Sixth St, Berkeley, CA 94710, USA"
Fresno,Fresno,California,"3425 N FIRST ST, FRESNO",6,19,8,"3425 N FIRST ST, FRESNO, Fresno, California",36.7817868,-119.7729066,"3425 N First St, Fresno, CA 93726, USA"
Benicia,Solano,California,"E SECOND ST, BENICIA",6,95,6,"E SECOND ST, BENICIA, Benicia, California",38.0657521,-122.1465991,"E 2nd St, Benicia, CA 94510, USA"
Westport,Fairfield,Connecticut,SHERWOOD ISLAND STATE PARK,9,1,9003,"SHERWOOD ISLAND STATE PARK, Westport, Connecticut",41.1165359,-73.3315777,"Sherwood Island State Park, Sherwood Island Connector, Westport, CT 06880, USA"
East Hartford,Hartford,Connecticut,Remington Road (see coordinates),9,3,1003,"Remington Road (see coordinates), East Hartford, Connecticut",41.8469807,-72.6498418,"Remington Rd, Windsor, CT 06095, USA"
Valrico,Hillsborough,Florida,1167 NORTH DOVER ROAD,12,57,3002,"1167 NORTH DOVER ROAD, Valrico, Florida",27.9548314,-82.2304351,"1167 N Dover Rd, Dover, FL 33527, USA"
Northbrook,Cook,Illinois,750 DUNDEE ROAD,17,31,4201,"750 DUNDEE ROAD, Northbrook, Illinois",42.1410525,-87.7991847,"750 Dundee Rd, Northbrook, IL 60062, USA"
Des Moines,Polk,Iowa,"1907 CARPENTER, DES MOINES IOWA",19,153,30,"1907 CARPENTER, DES MOINES IOWA, Des Moines, Iowa",41.60311490000001,-93.6432775,"1907 Carpenter Ave, Des Moines, IA 50314, USA"
Beltsville,Prince George's,Maryland,"Howard University's Beltsville Laboratory, 12003 Old Baltimore Pike",24,33,30,"Howard University's Beltsville Laboratory, 12003 Old Baltimore Pike, Beltsville, Maryland",39.0563434,-76.8841094,"12003 Old Baltimore Pike, Beltsville, MD 20705, USA"
New York,Bronx,New York,200TH STREET AND SOUTHERN BOULDVARD Pfizer Lab,36,5,133,"200TH STREET AND SOUTHERN BOULDVARD Pfizer Lab, New York, New York",40.8660593,-73.88263669999999,"Bedford Park Blvd & Southern Blvd, Bronx, NY 10458, USA"
Portland,Multnomah,Oregon,SE LAFAYETTE/5824 SE LAFAYETTE,41,51,80,"SE LAFAYETTE/5824 SE LAFAYETTE, Portland, Oregon",45.4966527,-122.6029267,"5824 SE Lafayette St, Portland, OR 97206, USA"
Not in a city,Berks,Pennsylvania,1059 Arnold Road,42,11,11,"1059 Arnold Road, Not in a city, Pennsylvania",41.0683043,-76.9272866,"1059 Arnold Rd, New Columbia, PA 17856, USA"
Waco,McLennan,Texas,4472 Mazanec Rd,48,309,1037,"4472 Mazanec Rd, Waco, Texas",31.6531799,-97.0703539,"4472 Mazanec Rd, Waco, TX 76705, USA"
Not in a city,Uinta,Wyoming,Murphy Ridge LOCATED NEAR WYOMING UTAH BORDER,56,41,101,"Murphy Ridge LOCATED NEAR WYOMING UTAH BORDER, Not in a city, Wyoming",40.7606608,-111.8939487,"Utah, USA"
Fontana,San Bernardino,California,"14360 ARROW BLVD., FONTANA",6,71,2002,"14360 ARROW BLVD., FONTANA, Fontana, California",34.0995985,-117.4919084,"14360 Arrow Route, Fontana, CA 92335, USA"
Portland,Cumberland,Maine,"356 State Street, Portland,  Maine",23,5,29,"356 State Street, Portland,  Maine, Portland, Maine",43.6595023,-70.2695802,"356 State St, Portland, ME 04101, USA"
Not in a city,Steuben,New York,"8301 ACKERSON ROAD, Pinnacle State Park",36,101,3,"8301 ACKERSON ROAD, Pinnacle State Park, Not in a city, New York",40.7127753,-74.0059728,"New York, NY, USA"
Not in a city,Cass,North Dakota,4266 40TH AVE NORTH,38,17,1004,"4266 40TH AVE NORTH, Not in a city, North Dakota",47.9619881,-97.1314096,"40th Ave N, North Dakota 58203, USA"
Cherry Tree,Adair,Oklahoma,"South Highway 59, RR1, 1795 Dahlonegah Park Road, Stilwell, Oklahoma",40,1,9009,"South Highway 59, RR1, 1795 Dahlonegah Park Road, Stilwell, Oklahoma, Cherry Tree, Oklahoma",35.7473692,-94.66441069999999,"Dahlonegah Park, Stilwell, OK 74960, USA"
Not in a city,Blount,Tennessee,GREAT SMOKY MOUNTAINS NP LOOK ROCK,47,9,101,"GREAT SMOKY MOUNTAINS NP LOOK ROCK, Not in a city, Tennessee",35.63343010000001,-83.9415846,"Look Rock, Tennessee 37803, USA"
San Antonio,Bexar,Texas,802 Pecan Valley Drive,48,29,55,"802 Pecan Valley Drive, San Antonio, Texas",29.4072793,-98.4320235,"802 Pecan Valley Dr, San Antonio, TX 78220, USA"
Not in a city,Bexar,Texas,7145 Gardner Roas,48,29,622,"7145 Gardner Roas, Not in a city, Texas",31.9009281,-106.6354355,"Gardner Rd, Texas, USA"
San Jose,Santa Clara,California,158B JACKSON ST,6,85,5,"158B JACKSON ST, San Jose, California",37.3484541,-121.8951032,"158 Jackson St, San Jose, CA 95112, USA"
Not in a city,Ada,Idaho,"520 S. EAGLE ROAD,  MERIDIAN",16,1,10,"520 S. EAGLE ROAD,  MERIDIAN, Not in a city, Idaho",43.5994634,-116.3525782,"520 S Eagle Rd, Meridian, ID 83642, USA"
Athens,Athens,Ohio,7760 BLACKBURN ROAD,39,9,4,"7760 BLACKBURN ROAD, Athens, Ohio",39.31208950000001,-82.1218135,"7760 N Blackburn Rd, Athens, OH 45701, USA"
Not in a city,Medina,Ohio,BALLASH ROAD,39,103,4,"BALLASH ROAD, Not in a city, Ohio",41.0701191,-81.9274109,"Ballash Rd, Ohio, USA"
Tucson,Pima,Arizona,400 W RIVER ROAD,4,19,1028,"400 W RIVER ROAD, Tucson, Arizona",32.2954435,-110.9825537,"400 W River Rd, Tucson, AZ 85704, USA"
Oakland,Alameda,California,1100 21st Street,6,1,11,"1100 21st Street, Oakland, California",37.8147116,-122.2829337,"1100 21st St, Oakland, CA 94607, USA"
Long Beach,Los Angeles,California,"2425 Webster St., Long Beach, CA",6,37,4006,"2425 Webster St., Long Beach, CA, Long Beach, California",33.8016335,-118.2204172,"2425 Webster Ave, Long Beach, CA 90810, USA"
Cupertino,Santa Clara,California,22601 Voss Ave,6,85,2009,"22601 Voss Ave, Cupertino, California",37.318326,-122.0705408,"22601 Voss Ave, Cupertino, CA 95014, USA"
Cornwall,Litchfield,Connecticut,MOHAWK MOUNTAIN ROAD (see coordinates),9,5,5,"MOHAWK MOUNTAIN ROAD (see coordinates), Cornwall, Connecticut",41.8329019,-73.2918054,"Mohawk Mountain Rd, Cornwall, CT, USA"
Not in a city,DeKalb,Georgia,"2390-B Wildcat Road, Decatur GA 30034",13,89,2,"2390-B Wildcat Road, Decatur GA 30034, Not in a city, Georgia",33.7748275,-84.2963123,"Decatur, GA, USA"
Reno,Washoe,Nevada,"301 A STATE STREET, RENO, NV 89502",32,31,16,"301 A STATE STREET, RENO, NV 89502, Reno, Nevada",39.52525,-119.807688,"301 State St, Reno, NV 89501, USA"
Pittsburgh,Allegheny,Pennsylvania,"301 39th St, Pittsburgh, PA 15201 (Lawrenceville)",42,3,8,"301 39th St, Pittsburgh, PA 15201 (Lawrenceville), Pittsburgh, Pennsylvania",40.4654163,-79.96061209999999,"301 39th St, Pittsburgh, PA 15201, USA"
El Paso,El Paso,Texas,800 S San Marcial Street,48,141,44,"800 S San Marcial Street, El Paso, Texas",31.7679564,-106.4541702,"800 S San Marcial St, El Paso, TX 79905, USA"
Deer Park,Harris,Texas,4514 1/2 Durant St,48,201,1039,"4514 1/2 Durant St, Deer Park, Texas",29.6694871,-95.12772609999999,"4514 Durant Ave, Deer Park, TX 77536, USA"
East Highland Park,Henrico,Virginia,2401 HARTMAN STREET  MATH & SCIENCE CTR,51,87,14,"2401 HARTMAN STREET  MATH & SCIENCE CTR, East Highland Park, Virginia",37.5565111,-77.40001989999999,"2401 Hartman St, Richmond, VA 23223, USA"
Hampton,Hampton City,Virginia,"Adjacent to Building 1196, Wythe Landing Loop, NASA-Langley Research Center",51,650,8,"Adjacent to Building 1196, Wythe Landing Loop, NASA-Langley Research Center, Hampton, Virginia",37.1023484,-76.3883576,"Wythe Landing Loop, Hampton, VA, USA"
Not in a city,Humboldt,California,"170 meters SE of Donna Dr. & Humboldt Hill Rd., Eureka, CA",6,23,1005,"170 meters SE of Donna Dr. & Humboldt Hill Rd., Eureka, CA, Not in a city, California",40.8020712,-124.1636729,"Eureka, CA, USA"
El Cajon,San Diego,California,"1155 REDWOOD AVE., EL CAJON",6,73,3,"1155 REDWOOD AVE., EL CAJON, El Cajon, California",32.7902712,-116.943233,"1155 Redwood Ave, El Cajon, CA 92019, USA"
Wilmington,New Castle,Delaware,MLK BLVD AND JUSTISON ST.,10,3,2004,"MLK BLVD AND JUSTISON ST., Wilmington, Delaware",39.739921,-75.5575187,"Justison St & M.L.K. Jr. Blvd, Wilmington, DE 19801, USA"
Washington,District of Columbia,District Of Columbia,"2500 1ST STREET, N.W. WASHINGTON DC",11,1,43,"2500 1ST STREET, N.W. WASHINGTON DC, Washington, District Of Columbia",38.9222994,-77.0123449,"2500 1st St NW, Washington, DC 20001, USA"
Not in a city,Honolulu,Hawaii,2052 LAUWILIWILI ST,15,3,10,"2052 LAUWILIWILI ST, Not in a city, Hawaii",21.3237277,-158.0886805,"2052 Lauwiliwili St, Kapolei, HI 96707, USA"
Blaine,Anoka,Minnesota,9399 Lima St,27,3,1002,"9399 Lima St, Blaine, Minnesota",45.142979,-93.2221373,"Lima St, Blaine, MN 55449, USA"
Newark,Essex,New Jersey,360 Clinton Avenue,34,13,3,"360 Clinton Avenue, Newark, New Jersey",40.7213269,-74.1932605,"360 Clinton Ave, Newark, NJ 07108, USA"
Albuquerque,Bernalillo,New Mexico,4700A SAN MATEO NE,35,1,23,"4700A SAN MATEO NE, Albuquerque, New Mexico",35.1347141,-106.5861859,"4700 San Mateo Ln NE, Albuquerque, NM 87109, USA"
Rochester,Monroe,New York,"2 YARMOUTH ROAD, RG&E Substation",36,55,1007,"2 YARMOUTH ROAD, RG&E Substation, Rochester, New York",43.1462232,-77.54910930000001,"2 Yarmouth Rd, Rochester, NY 14610, USA"
Cleveland,Cuyahoga,Ohio,E. 14TH & ORANGE,39,35,60,"E. 14TH & ORANGE, Cleveland, Ohio",41.4987233,-81.6799139,"E 14th St, Cleveland, OH, USA"
Cincinnati,Hamilton,Ohio,250 WM. HOWARD TAFT,39,61,40,"250 WM. HOWARD TAFT, Cincinnati, Ohio",39.1288105,-84.50387769999999,"250 William Howard Taft Rd, Cincinnati, OH 45219, USA"
Oklahoma City,Oklahoma,Oklahoma,2501 E. Memorial Rd.  (OKLAHOMA CHRISTIAN UNIVERSITY),40,109,1037,"2501 E. Memorial Rd.  (OKLAHOMA CHRISTIAN UNIVERSITY), Oklahoma City, Oklahoma",35.6090287,-97.4688353,"2501 E Memorial Rd, Edmond, OK 73013, USA"
East Providence,Providence,Rhode Island,"FRANCIS SCHOOL, 64 BOURNE AVE",44,7,1010,"FRANCIS SCHOOL, 64 BOURNE AVE, East Providence, Rhode Island",41.8416074,-71.3606451,"64 Bourne Ave, Rumford, RI 02916, USA"
Sioux Falls,Minnehaha,South Dakota,2001 E 8th St,46,99,8,"2001 E 8th St, Sioux Falls, South Dakota",43.5474533,-96.7005739,"2001 E 8th St, Sioux Falls, SD 57103, USA"
Salt Lake City,Salt Lake,Utah,"1675 SOUTH 600 EAST, SALT LAKE CITY",49,35,3006,"1675 SOUTH 600 EAST, SALT LAKE CITY, Salt Lake City, Utah",40.734019,-111.8728813,"1675 S 600 E, Salt Lake City, UT 84105, USA"
Not in a city,Laramie,Wyoming,NCore - North Cheyenne Soccer Complex,56,21,100,"NCore - North Cheyenne Soccer Complex, Not in a city, Wyoming",41.1770895,-104.8362086,"N Cheyenne Ln, Cheyenne, WY 82009, USA"
Not in a city,Sweetwater,Wyoming,Tata Gaseous,56,37,870,"Tata Gaseous, Not in a city, Wyoming",43.0759678,-107.2902839,"Wyoming, USA"
Fresno,Fresno,California,"3727 N FIRST ST, FRESNO",6,19,11,"3727 N FIRST ST, FRESNO, Fresno, California",36.7852853,-119.7731159,"3727 N First St, Fresno, CA 93726, USA"
Not in a city,Jackson,Colorado,"Walden, Colorado - Chandler Ranch",8,57,3,"Walden, Colorado - Chandler Ranch, Not in a city, Colorado",40.73164329999999,-106.2836373,"Walden, CO 80480, USA"
Camden,Camden,New Jersey,266 Spruce Street,34,7,2,"266 Spruce Street, Camden, New Jersey",39.93450199999999,-75.1247549,"266 Spruce St, Camden, NJ 08103, USA"
Austin,Travis,Texas,3724 North Hills Dr,48,453,14,"3724 North Hills Dr, Austin, Texas",30.3547676,-97.75957509999999,"3724 N Hills Dr, Austin, TX 78731, USA"
Roosevelt,Duchesne,Utah,290 S. 1000 W.,49,13,2,"290 S. 1000 W., Roosevelt, Utah",40.29561160000001,-110.0091895,"290 S 1000 W, Roosevelt, UT 84066, USA"
Not in a city,Uintah,Utah,"Accessed from Dragon Road/145-S, Uintah Co, UT",49,47,5632,"Accessed from Dragon Road/145-S, Uintah Co, UT, Not in a city, Utah",39.8543361,-109.1154136,"Dragon Rd, Utah, USA"
Not in a city,Alexandria City,Virginia,3200 Colvin Street,51,510,21,"3200 Colvin Street, Not in a city, Virginia",38.8069219,-77.0851849,"3200 Colvin St, Alexandria, VA 22314, USA"
Birmingham,Jefferson,Alabama,"NO. B'HAM,SOU R.R., 3009 28TH ST. NO.",1,73,23,"NO. B'HAM,SOU R.R., 3009 28TH ST. NO., Birmingham, Alabama",33.5529416,-86.8148964,"3009 28th St N, Birmingham, AL 35207, USA"
Indianapolis (Remainder),Marion,Indiana,"3120 E. 30TH ST., WASHINGTON PARK",18,97,78,"3120 E. 30TH ST., WASHINGTON PARK, Indianapolis (Remainder), Indiana",39.8111812,-86.1159345,"3120 E 30th St, Indianapolis, IN 46218, USA"
Louisville,Jefferson,Kentucky,"2730 CANNONS LANE, BOWMAN FIELD",21,111,67,"2730 CANNONS LANE, BOWMAN FIELD, Louisville, Kentucky",38.2290568,-85.65378249999999,"2730 Cannons Ln, Louisville, KY 40205, USA"
St. Louis,St. Louis City,Missouri,"BLAIR STREET: 3247 Blair Street, St. Louis, MO 63107",29,510,85,"BLAIR STREET: 3247 Blair Street, St. Louis, MO 63107, St. Louis, Missouri",38.656431,-90.1985425,"3247 Blair Ave, St. Louis, MO 63107, USA"
Not in a city,Union,South Dakota,31986 475th Ave,46,127,1,"31986 475th Ave, Not in a city, South Dakota",42.7542404,-96.70747030000001,"31986 475th Ave, Elk Point, SD 57025, USA"
Vinton,Roanoke,Virginia,HERMAN HORN ELEMENTARY SCHOOL,51,161,1004,"HERMAN HORN ELEMENTARY SCHOOL, Vinton, Virginia",37.28306600000001,-79.88271999999999,"1002 Ruddell Rd, Vinton, VA 24179, USA"
Seattle,King,Washington,4103 BEACON HILL S,53,33,80,"4103 BEACON HILL S, Seattle, Washington",47.5792689,-122.3117063,"Beacon Hill, Seattle, WA 98144, USA"
Fairbanks,Fairbanks North Star ,Alaska,809 Pioneer Road,2,90,34,"809 Pioneer Road, Fairbanks, Alaska",64.8451307,-147.7259705,"809 Pioneer Rd, Fairbanks, AK 99701, USA"
El Cajon,San Diego,California,10537 FLOYD SMITH DRIVE,6,73,1018,"10537 FLOYD SMITH DRIVE, El Cajon, California",32.8181281,-116.9692654,"Floyd Smith Dr, El Cajon, CA 92020, USA"
Not in a city,Denver,Colorado,4545 Navajo St.,8,31,26,"4545 Navajo St., Not in a city, Colorado",39.6731062,-105.0040684,"4545 S Navajo St, Denver, CO 80223, USA"
Grantsville,Garrett,Maryland,"Piney Run, Frostburg Reservoir, Finzel",24,23,2,"Piney Run, Frostburg Reservoir, Finzel, Grantsville, Maryland",39.6950833,-79.15114109999999,"Grantsville, MD 21536, USA"
Not in a city,Rockingham,New Hampshire,150 Pillsbury Rd,33,15,18,"150 Pillsbury Rd, Not in a city, New Hampshire",42.8634812,-71.37967789999999,"150 Pillsbury Rd, Londonderry, NH 03053, USA"
Raleigh,Wake,North Carolina,3801 SPRING FOREST RD.,37,183,14,"3801 SPRING FOREST RD., Raleigh, North Carolina",35.8567384,-78.5764284,"3801 Spring Forest Rd, Raleigh, NC 27616, USA"
Not in a city,Adams,Pennsylvania,NARSTO SITE - ARENDTSVILLE,42,1,1,"NARSTO SITE - ARENDTSVILLE, Not in a city, Pennsylvania",39.923149,-77.2985956,"Arendtsville, PA, USA"
Riverton,Fremont,Wyoming,"90 GAS HILL ROAD, RIVERTON, WY",56,13,6001,"90 GAS HILL ROAD, RIVERTON, WY, Riverton, Wyoming",42.99479609999999,-108.3714835,"90 Gas Hills Rd, Riverton, WY 82501, USA"
Dentsville (Dents),Richland,South Carolina,8311 PARKLANE ROAD [Parklane],45,79,7,"8311 PARKLANE ROAD [Parklane], Dentsville (Dents), South Carolina",34.09384,-80.96075479999999,"8311 Parklane Rd, Columbia, SC 29223, USA"
