City,County,State,Address,State Code,County Code,Site Num,address,latitude,longitude,formatted_address,ClosestStation,StationDistance,StationLatitude,StationLongitude
Phoenix,Maricopa,Arizona,1645 E ROOSEVELT ST-CENTRAL PHOENIX STN,4,13,3002,"1645 E ROOSEVELT ST-CENTRAL PHOENIX STN, Phoenix, Arizona",33.4584262,-112.0465744,"1645 E Roosevelt St, Phoenix, AZ 85006, USA",US1TXFD0003,1120.5038274664907,34.1176,-99.9406
Scottsdale,Maricopa,Arizona,2857 N MILLER RD-S SCOTTSDALE STN,4,13,3003,"2857 N MILLER RD-S SCOTTSDALE STN, Scottsdale, Arizona",33.4797648,-111.9172391,"2857 N Miller Rd, Scottsdale, AZ 85257, USA",US1TXFD0003,1108.3065401658398,34.1176,-99.9406
Tucson,Pima,Arizona,"1237 S. BEVERLY , TUCSON",4,19,1011,"1237 S. BEVERLY , TUCSON, Tucson, Arizona",32.2062306,-110.8793786,"1237 S Beverly Ave, Tucson, AZ 85711, USA",US1TXJO0001,1026.371133446879,32.7776,-99.9521
Concord,Contra Costa,California,2956-A TREAT BOULEVARD,6,13,2,"2956-A TREAT BOULEVARD, Concord, California",37.9362718,-122.025806,"2956 Treat Blvd a, Concord, CA 94518, USA",US10furn006,1913.0723961015308,40.0096,-99.9996
Bethel Island,Contra Costa,California,5551 BETHEL ISLAND RD,6,13,1002,"5551 BETHEL ISLAND RD, Bethel Island, California",38.006241,-121.643328,"5551 Bethel Island Rd, Oakley, CA 94561, USA",US10furn006,1878.6566284152798,40.0096,-99.9996
San Pablo,Contra Costa,California,"UNIT 759 EL PORTAL SHOPPING CENTER, San Pablo",6,13,1003,"UNIT 759 EL PORTAL SHOPPING CENTER, San Pablo, San Pablo, California",37.9621457,-122.3455263,"San Pablo, CA, USA",US10furn006,1939.617692175482,40.0096,-99.9996
Pittsburg,Contra Costa,California,"583 W. 10TH ST., PITTSBURG",6,13,3001,"583 W. 10TH ST., PITTSBURG, Pittsburg, California",38.0291956,-121.8969494,"583 W 10th St, Pittsburg, CA 94565, USA",US10furn006,1899.6593374621243,40.0096,-99.9996
Calexico,Imperial,California,"1029 ETHEL ST, CALEXICO HIGH SCHOOL",6,25,5,"1029 ETHEL ST, CALEXICO HIGH SCHOOL, Calexico, California",32.6760968,-115.4883507,"1029 Ethel St, Calexico, CA 92231, USA",US1TXKX0003,1449.7382006009873,33.4873,-99.9437
Bakersfield,Kern,California,"5558 California Ave., Bakersfield CA 93309",6,29,14,"5558 California Ave., Bakersfield CA 93309, Bakersfield, California",35.356401,-119.0626585,"5558 California Ave, Bakersfield, CA 93309, USA",USC00142560,1718.1553361205758,37.0458,-99.9964
Burbank,Los Angeles,California,"228 W. PALM AVE., BURBANK",6,37,1002,"228 W. PALM AVE., BURBANK, Burbank, California",34.1760151,-118.3169943,"228 W Palm Ave, Burbank, CA 91502, USA",US1OKHN0001,1679.4762271787533,34.9174,-99.976
Los Angeles,Los Angeles,California,"1630 N MAIN ST, LOS ANGELES",6,37,1103,"1630 N MAIN ST, LOS ANGELES, Los Angeles, California",34.0659568,-118.2285241,"1630 N Main St, Los Angeles, CA 90012, USA",US1OKHN0001,1673.1640029069436,34.9174,-99.976
Long Beach,Los Angeles,California,"3648 N. LONG BEACH BLVD., LONG BEACH",6,37,4002,"3648 N. LONG BEACH BLVD., LONG BEACH, Long Beach, California",33.8420753,-118.1921414,"3648 N Long Beach Blvd, Long Beach, CA 90807, USA",US1OKHN0001,1673.6649747804242,34.9174,-99.976
Hawthorne,Los Angeles,California,"5234 W. 120TH ST., HAWTHORNE",6,37,5001,"5234 W. 120TH ST., HAWTHORNE, Hawthorne, California",33.92358189999999,-118.3711918,"5234 W 120th St, Hawthorne, CA 90250, USA",US1OKHN0001,1688.5546608472223,34.9174,-99.976
Costa Mesa,Orange,California,"2850 MESA VERDE DR EAST, COSTA MESA",6,59,1003,"2850 MESA VERDE DR EAST, COSTA MESA, Costa Mesa, California",33.6745284,-117.9257522,"P, 2850 Mesa Verde Dr E, Costa Mesa, CA 92626, USA",US1OKHN0001,1652.4636096494767,34.9174,-99.976
Rubidoux,Riverside,California,"5888 MISSION BLVD., RUBIDOUX",6,65,8001,"5888 MISSION BLVD., RUBIDOUX, Rubidoux, California",34.0005504,-117.4151657,"5888 Mission Blvd, Riverside, CA 92509, USA",US1OKHN0001,1600.1098128721735,34.9174,-99.976
Not in a city,Sacramento,California,"7823 BLACKFOOT WAY, NORTH HIGHLANDS",6,67,2,"7823 BLACKFOOT WAY, NORTH HIGHLANDS, Not in a city, California",38.7101604,-121.3737832,"7823 Blackfoot Way, Antelope, CA 95843, USA",US10daws008,1837.5840872436725,40.7966,-99.9956
Arden-Arcade,Sacramento,California,"DEL PASO-2701 AVALON DR, SACRAMENTO",6,67,6,"DEL PASO-2701 AVALON DR, SACRAMENTO, Arden-Arcade, California",38.6135997,-121.3677609,"2701 Avalon Dr, Sacramento, CA 95821, USA",US10daws008,1839.7097014834217,40.7966,-99.9956
Victorville,San Bernardino,California,"14306 PARK AVE., VICTORVILLE, CA",6,71,306,"14306 PARK AVE., VICTORVILLE, CA, Victorville, California",34.5108307,-117.325296,"14306 Park Ave, Victorville, CA 92392, USA",US1OKHN0001,1584.4323204435423,34.9174,-99.976
Chula Vista,San Diego,California,"80 E. 'J' ST., CHULA VISTA",6,73,1,"80 E. 'J' ST., CHULA VISTA, Chula Vista, California",32.6297943,-117.0654323,"80 J St, Chula Vista, CA 91910, USA",US1TXKX0003,1596.6808533246246,33.4873,-99.9437
San Diego,San Diego,California,"330A 12TH AVE., SAN DIEGO, CA. 92112",6,73,1007,"330A 12TH AVE., SAN DIEGO, CA. 92112, San Diego, California",32.709415,-117.1537955,"330 12th Ave, San Diego, CA 92101, USA",US1TXFD0003,1603.405258058263,34.1176,-99.9406
San Diego,San Diego,California,"1100 PASEO INTERNATIONAL, OTAY MESA, CA",6,73,2007,"1100 PASEO INTERNATIONAL, OTAY MESA, CA, San Diego, California",32.5520362,-116.937438,"Paseo Internacional, San Diego, CA 92154, USA",US1TXKX0003,1586.0517043186767,33.4873,-99.9437
San Francisco,San Francisco,California,10 ARKANSAS ST.,6,75,5,"10 ARKANSAS ST., San Francisco, California",37.7660566,-122.3990517,"10 Arkansas St, San Francisco, CA 94107, USA",US10furn006,1949.460388559164,40.0096,-99.9996
Capitan,Santa Barbara,California,LFC #1-LAS FLORES CANYON,6,83,1025,"LFC #1-LAS FLORES CANYON, Capitan, California",,,,,,,
Lompoc,Santa Barbara,California,"128 S 'H' ST, LOMPOC",6,83,2004,"128 S 'H' ST, LOMPOC, Lompoc, California",34.6402014,-120.4578074,"128 N H St, Lompoc, CA 93436, USA",USC00142560,1859.9365291952581,37.0458,-99.9964
Goleta,Santa Barbara,California,"380 N FAIRVIEW AVENUE, GOLETA",6,83,2011,"380 N FAIRVIEW AVENUE, GOLETA, Goleta, California",34.445138,-119.8296878,"380 N Fairview Ave, Goleta, CA 93117, USA",USC00142560,1809.7035149560425,37.0458,-99.9964
Vandenberg Air Force Base,Santa Barbara,California,"STS POWER PLANT, VANDENBERG AFB",6,83,4003,"STS POWER PLANT, VANDENBERG AFB, Vandenberg Air Force Base, California",34.7420267,-120.5724404,"747 Nebraska Ave, Vandenberg Space Force Base, CA 93437, USA",USC00142560,1867.3597454330818,37.0458,-99.9964
Davenport,Santa Cruz,California, Center St,6,87,3," Center St, Davenport, California",37.0115806,-122.1941483,"Center St, Davenport, CA 95017, USA",US1KSNT0010,1952.9405335434333,39.6082,-99.9979
Vallejo,Solano,California,304 TUOLUMNE ST.,6,95,4,"304 TUOLUMNE ST., Vallejo, California",38.1024934,-122.2381179,"304 Tuolumne St, Vallejo, CA 94590, USA",US10furn006,1926.8264899162339,40.0096,-99.9996
Not in a city,Ventura,California,"545 CENTRAL AVENUE, OXNARD, CA  93030",6,111,3001,"545 CENTRAL AVENUE, OXNARD, CA  93030, Not in a city, California",34.1976816,-119.1774639,"Oxnard, CA, USA",US1OKHN0001,1757.509130379121,34.9174,-99.976
Welby,Adams,Colorado,3174 E. 78TH AVE.,8,1,3001,"3174 E. 78TH AVE., Welby, Colorado",39.8382499,-104.9501244,"3174 E 78th Ave, Denver, CO 80229, USA",US10furn006,422.53158257565735,40.0096,-99.9996
Washington,District of Columbia,District Of Columbia,"420 34th Street N.E.,Washington, DC 20019",11,1,41,"420 34th Street N.E.,Washington, DC 20019, Washington, District Of Columbia",38.895393,-76.95854,"420 34th St NE, Washington, DC 20019, USA",US1DCDC0040,1.5936651971382152,38.8965,-76.9769
Winter Park,Orange,Florida,MORRIS BLVD.,12,95,2002,"MORRIS BLVD., Winter Park, Florida",28.5949767,-81.3508787,"Winter Park, FL, USA",US1FLOR0009,4.03453831203835,28.5858,-81.3109
Chicago,Cook,Illinois,321 S. FRANKLIN,17,31,63,"321 S. FRANKLIN, Chicago, Illinois",41.8776232,-87.6348721,"321 S Franklin St, Chicago, IL 60606, USA",USC00111584,0.6445096736971905,41.8833,-87.6333
Cicero,Cook,Illinois,1820 S. 51ST AVE.,17,31,4002,"1820 S. 51ST AVE., Cicero, Illinois",41.8557272,-87.75220379999999,"Parkholme, 1820 S 51st Ave, Cicero, IL 60804, USA",USC00111648,1.3590825146919907,41.85,-87.7667
Calumet City (PU RR name Calumet Park (sta.)),Cook,Illinois,1703 STATE ST.,17,31,8003,"1703 STATE ST., Calumet City (PU RR name Calumet Park (sta.)), Illinois",41.6298326,-87.56678289999999,"1703 State St, Calumet City, IL 60409, USA",US1ILCK0082,3.5262523408972326,41.6598,-87.5529
Indianapolis (Remainder),Marion,Indiana,"NAVAL AVIONICS CENTER, 6125 E. 16TH ST.",18,97,73,"NAVAL AVIONICS CENTER, 6125 E. 16TH ST., Indianapolis (Remainder), Indiana",39.7887331,-86.06096959999999,"6125 E 16th St, Indianapolis, IN 46219, USA",US1INMR0034,0.6695645896392263,39.7937,-86.0654
Not in a city,Linn,Kansas,COUNTY RD 1103 .7 MI SOUTH OF K-52,20,107,2,"COUNTY RD 1103 .7 MI SOUTH OF K-52, Not in a city, Kansas",38.1901119,-94.7042301,"KS-52, Kansas, USA",USC00146455,0.8428595709706632,38.1833,-94.7
Not in a city,Sumner,Kansas,"707 E 119TH ST SOUTH,PECK COMMUNITY BLDG",20,191,2,"707 E 119TH ST SOUTH,PECK COMMUNITY BLDG, Not in a city, Kansas",37.4761795,-97.3279542,"707 East 119th St S, Peck, KS 67120, USA",US1KSSU0008,2.529383297943292,37.4564,-97.3138
Kansas City,Wyandotte,Kansas,"1210 N. 10TH ST.,JFK RECREATION CENTER",20,209,21,"1210 N. 10TH ST.,JFK RECREATION CENTER, Kansas City, Kansas",39.1181407,-94.6355366,"1210 N 10th St, Kansas City, KS 66102, USA",US1KSWY0007,1.3703982452407846,39.1175,-94.6514
Ashland,Boyd,Kentucky,32ND & RAILROAD STS.,21,19,15,"32ND & RAILROAD STS., Ashland, Kentucky",38.4662244,-82.6214734,"32nd St & Railroad Ave, Ashland, KY 41101, USA",USC00150254,1.5818089754701594,38.4536,-82.6131
Not in a city,Daviess,Kentucky,716 PLEASANT VALLEY ROAD,21,59,5,"716 PLEASANT VALLEY ROAD, Not in a city, Kentucky",37.7813343,-87.07389150000002,"716 Pleasant Valley Rd, Owensboro, KY 42303, USA",USC00156091,0.49928625504087787,37.7797,-87.0686
Lexington-Fayette (corporate name for Lexington),Fayette,Kentucky,"FAYETTE COUNTY HEALTH DEPT, 650 NEWTOWN PIKE",21,67,12,"FAYETTE COUNTY HEALTH DEPT, 650 NEWTOWN PIKE, Lexington-Fayette (corporate name for Lexington), Kentucky",38.0647612,-84.49850239999999,"650 Newtown Pike, Lexington, KY 40508, USA",US1KYFY0019,3.619991927023293,38.0523,-84.5367
Henderson,Henderson,Kentucky,NORTH GREEN STREET,21,101,13,"NORTH GREEN STREET, Henderson, Kentucky",37.8483058,-87.5827464,"N Green St, Henderson, KY 42420, USA",US1KYHS0001,1.6056298974216907,37.8339,-87.584
Louisville,Jefferson,Kentucky,"7201 WATSON LN, WATSON LN ELEMENTARY SCH",21,111,51,"7201 WATSON LN, WATSON LN ELEMENTARY SCH, Louisville, Kentucky",38.0610963,-85.89709979999999,"7201 Watson Ln, Louisville, KY 40272, USA",US1INHR0001,7.778669393127001,38.1158,-85.9525
Paducah,McCracken,Kentucky,"JACKSON PURCHASE RECC, 2901 POWELL STREET",21,145,1024,"JACKSON PURCHASE RECC, 2901 POWELL STREET, Paducah, Kentucky",37.0576779,-88.5731655,"2901 Powell St, Paducah, KY 42003, USA",USC00156122,1.3472504696489067,37.0667,-88.5833
Baton Rouge,East Baton Rouge,Louisiana,1061-A Leesville Ave,22,33,9,"1061-A Leesville Ave, Baton Rouge, Louisiana",30.4620159,-91.1792281,"1061 Leesville Ave a, Baton Rouge, LA 70802, USA",US1LAEB0046,3.6469138301564454,30.4421,-91.149
Detroit,Wayne,Michigan,2451 MARQUETTE,26,163,16,"2451 MARQUETTE, Detroit, Michigan",42.3579372,-83.0952458,"2451 Marquette St, Detroit, MI 48208, USA",US1MIWY0115,0.6596365123989626,42.3631,-83.0992
Sunset Hills,Saint Louis,Missouri,"Sunset Hills: 4580 South Lindbergh & Gravios, Sunset Hills, MO 63126",29,189,4,"Sunset Hills: 4580 South Lindbergh & Gravios, Sunset Hills, MO 63126, Sunset Hills, Missouri",38.5319165,-90.3827006,"4580 S Lindbergh Blvd, St. Louis, MO 63127, USA",US1MOSL0063,2.460599065889029,38.514,-90.3661
Not in a city,Saint Louis,Missouri,305 WEIDMAN ROAD (QUEENY),29,189,6,"305 WEIDMAN ROAD (QUEENY), Not in a city, Missouri",38.58970170000001,-90.4930763,"305 S Weidman Rd, Ballwin, MO 63021, USA",US1MOSL0018,1.42298862898121,38.5776,-90.4984
Ladue,Saint Louis,Missouri,"LADUE: 73 Hunter Avenue, Ladue, MO 63105",29,189,3001,"LADUE: 73 Hunter Avenue, Ladue, MO 63105, Ladue, Missouri",38.6511791,-90.3503914,"73 Hunter Ave, St. Louis, MO 63124, USA",US1MOSL0081,0.48473442306918213,38.6547,-90.3471
Ferguson,Saint Louis,Missouri,3400 PERSHALL ROAD,29,189,5001,"3400 PERSHALL ROAD, Ferguson, Missouri",38.7673952,-90.283134,"3400 Pershall Rd, Ferguson, MO 63135, USA",USC00237462,1.4268984002698295,38.7667,-90.2667
St. Ann,Saint Louis,Missouri,10267 ST CHARLES ROCK ROAD,29,189,7002,"10267 ST CHARLES ROCK ROAD, St. Ann, Missouri",38.7278896,-90.3793352,"10267 St Charles Rock Rd, St Ann, MO 63074, USA",US1MOSL0064,1.3176109525462407,38.7174,-90.3864
St. Louis,St. Louis City,Missouri,"MARGARETTA: 4520 Margaretta, St. Louis, MO 63115",29,510,86,"MARGARETTA: 4520 Margaretta, St. Louis, MO 63115, St. Louis, Missouri",38.6734439,-90.238777,"4520 Margaretta Ave, St. Louis, MO 63115, USA",USC00237465,4.489063504790632,38.6333,-90.2333
Camden,Camden,New Jersey,COPEWOOD E. DAVIS STS; TRAILER,34,7,3,"COPEWOOD E. DAVIS STS; TRAILER, Camden, New Jersey",39.9248911,-75.0948674,"Copewood St, Camden, NJ, USA",USC00281280,2.0727040543074366,39.9167,-75.1167
New York,Bronx,New York,200TH STREET AND SOUTHERN BLVD Harding Lab,36,5,83,"200TH STREET AND SOUTHERN BLVD Harding Lab, New York, New York",40.8661356,-73.88272049999999,"Bedford Park Blvd & Southern Blvd, Bronx, NY 10458, USA",USC00305799,0.0794558463648104,40.8667,-73.8833
New York,Queens,New York,56TH AVE AT SPRINGFIELD BLVD,36,81,97,"56TH AVE AT SPRINGFIELD BLVD, New York, New York",40.7523661,-73.7593614,"Springfield Blvd & 56th Ave, Queens, NY 11364, USA",US1NYQN0029,0.6880034402394373,40.7482,-73.7654
Holtsville,Suffolk,New York,57 DIVISION STREET,36,103,9,"57 DIVISION STREET, Holtsville, New York",40.8273233,-73.056654,"57 Division St, Holtsville, NY 11742, USA",US1NYSF0058,1.299086705111864,40.8177,-73.0479
Winston-Salem,Forsyth,North Carolina,1300 BLK. HATTIE AVENUE,37,67,22,"1300 BLK. HATTIE AVENUE, Winston-Salem, North Carolina",36.1108529,-80.2241013,"1300 Hattie Ave, Winston-Salem, NC 27101, USA",USW00093807,2.496147822963517,36.1333,-80.2244
Charlotte,Mecklenburg,North Carolina,1130 EASTWAY DRIVE,37,119,41,"1130 EASTWAY DRIVE, Charlotte, North Carolina",35.240886,-80.7789706,"1130 Eastway Dr, Charlotte, NC 28205, USA",US1NCMK0099,3.580956522523741,35.2087,-80.7803
Park Hill,Cherokee,Oklahoma,"P.O. BOX 948   TAHLEQUAH, OK  74464",40,21,9002,"P.O. BOX 948   TAHLEQUAH, OK  74464, Park Hill, Oklahoma",35.91537,-94.969956,"Tahlequah, OK 74464, USA",USC00348677,2.445739536305292,35.9369,-94.9644
Ponca City,Kay,Oklahoma,"RT 1, BOX 1980  PONCA CITY, OK  74601",40,71,9003,"RT 1, BOX 1980  PONCA CITY, OK  74601, Ponca City, Oklahoma",36.6893562,-97.1035613,"1st St, Ponca City, OK 74601, USA",US1OKKY0015,2.3752702410197677,36.7075,-97.0895
Pittsburgh,Allegheny,Pennsylvania,CARNEGIE SCIENCE CENTER - 1 ALLEGHENY RD,42,3,10,"CARNEGIE SCIENCE CENTER - 1 ALLEGHENY RD, Pittsburgh, Pennsylvania",40.4456828,-80.01818519999999,"1 Allegheny Ave, Pittsburgh, PA 15212, USA",USC00366986,0.08364530255086129,40.445,-80.0186
Beaver Falls,Beaver,Pennsylvania,EIGHT STREET AND RIVER ALLEY,42,7,14,"EIGHT STREET AND RIVER ALLEY, Beaver Falls, Pennsylvania",40.7520097,-80.31922949999999,"Beaver Falls, PA 15010, USA",USC00360475,1.2996207786854483,40.7628,-80.3133
Reading,Berks,Pennsylvania,UGI CO MONGANTOWN RD AND PROSPECT ST,42,11,9,"UGI CO MONGANTOWN RD AND PROSPECT ST, Reading, Pennsylvania",40.3199083,-75.92618829999999,"Morgantown Rd & Prospect Ave, Reading, PA 19611, USA",US1PABR0008,1.682405429491945,40.3277,-75.9432
Altoona,Blair,Pennsylvania,2ND AVE & 7TH ST,42,13,801,"2ND AVE & 7TH ST, Altoona, Pennsylvania",40.5149842,-78.3885792,"7th St & 2nd Ave, Altoona, PA 16602, USA",US1PABL0010,0.5833045162245103,40.52,-78.3906
Bristol,Bucks,Pennsylvania,ROCKVIEW LANE,42,17,12,"ROCKVIEW LANE, Bristol, Pennsylvania",40.1100403,-74.881486,"Rockview Dr, Bristol Township, PA 19007, USA",US1PABK0058,3.1508427324311254,40.0866,-74.9023
Johnstown,Cambria,Pennsylvania,MILLER AUTO SHOP 1 MESSENGER ST,42,21,11,"MILLER AUTO SHOP 1 MESSENGER ST, Johnstown, Pennsylvania",40.3088916,-78.9154274,"1 Messenger St, Johnstown, PA 15902, USA",USC00364390,0.8749335419201113,40.3167,-78.9167
Scranton,Lackawanna,Pennsylvania,GEORGE ST TROOP AND CITY OF SCRANTON,42,69,2006,"GEORGE ST TROOP AND CITY OF SCRANTON, Scranton, Pennsylvania",41.410314,-75.661099,"Scranton, PA, USA",USC00367902,0.8499336517007045,41.4167,-75.6667
Lancaster,Lancaster,Pennsylvania,ABRAHAM LINCOLN JR HIGH GROFFTOWN RD,42,71,7,"ABRAHAM LINCOLN JR HIGH GROFFTOWN RD, Lancaster, Pennsylvania",40.0449787,-76.2836779,"Grofftown Rd, Lancaster, PA 17602, USA",USC00364758,0.5592689252932247,40.05,-76.2833
New Castle,Lawrence,Pennsylvania,CROTON ST & JEFFERSON ST.,42,73,15,"CROTON ST & JEFFERSON ST., New Castle, Pennsylvania",41.006653,-80.3292558,"N Croton Ave, New Castle, PA 16101, USA",USC00366233,2.9409981396224736,41.0172,-80.3614
Norristown,Montgomery,Pennsylvania,STATE ARMORY - 1046 BELVOIR RD,42,91,13,"STATE ARMORY - 1046 BELVOIR RD, Norristown, Pennsylvania",40.1123495,-75.3097788,"1046 Belvoir Rd, Plymouth Meeting, PA 19462, USA",US1PAMT0141,2.1572424790118285,40.1317,-75.3116
Freemansburg,Northampton,Pennsylvania,WASHINGTON & CAMBRIA STS. FREEMANSBURG,42,95,25,"WASHINGTON & CAMBRIA STS. FREEMANSBURG, Freemansburg, Pennsylvania",40.6264875,-75.34573499999999,"Freemansburg, PA, USA",USC00360629,3.3520716115904494,40.6167,-75.3833
Philadelphia,Philadelphia,Pennsylvania,1501 E. LYCOMING AVE.,42,101,4,"1501 E. LYCOMING AVE., Philadelphia, Pennsylvania",40.0089686,-75.0979869,"1501 E Lycoming St, Philadelphia, PA 19124, USA",US1PAPH0012,2.7229338284576623,40.0316,-75.1102
Charleroi,Washington,Pennsylvania,CHARLER01 WASTE TREATMENT PLANT,42,125,5,"CHARLER01 WASTE TREATMENT PLANT, Charleroi, Pennsylvania",40.1378499,-79.89810349999999,"Charleroi, PA 15022, USA",USC00361377,0.9849907842945343,40.1467,-79.8986
Greensburg,Westmoreland,Pennsylvania,DONOHOE ROAD - PENN DOT MAINT DIST BLDG,42,129,8,"DONOHOE ROAD - PENN DOT MAINT DIST BLDG, Greensburg, Pennsylvania",40.3158282,-79.4599069,"Donohoe Rd, Pennsylvania, USA",USC00365230,1.985738262599536,40.3167,-79.4833
York,York,Pennsylvania,HILL ST.,42,133,8,"HILL ST., York, Pennsylvania",39.9665811,-76.6998881,"Hill St, York, PA 17403, USA",USC00369959,3.513511884839278,39.9378,-76.7169
Dallas,Dallas,Texas,1415 Hinton Street,48,113,69,"1415 Hinton Street, Dallas, Texas",32.8192829,-96.8603768,"1415 Hinton St, Dallas, TX 75235, USA",USW00013960,3.12167678752919,32.8383,-96.8358
El Paso,El Paso,Texas,250 Rim Rd,48,141,37,"250 Rim Rd, El Paso, Texas",31.7708765,-106.4967075,"250 Rim Rd, El Paso, TX 79902, USA",USC00410493,616.4023135510985,31.7414,-99.9764
El Paso,El Paso,Texas,5050A Yvette Drive,48,141,58,"5050A Yvette Drive, El Paso, Texas",31.7324231,-106.2784209,"Missy Yvette Dr, El Paso, TX 79936, USA",USC00410493,595.8885213774478,31.7414,-99.9764
Houston,Harris,Texas,9525 1/2 Clinton Dr,48,201,1035,"9525 1/2 Clinton Dr, Houston, Texas",29.7339973,-95.258134,"9525 Clinton Dr, Houston, TX 77029, USA",USC00414326,2.4741547846141585,29.7456,-95.28
Not in a city,Fairfax,Virginia,CUB RUN LEE RD CHANT.(CUBRUN TREAT PLANT,51,59,5,"CUB RUN LEE RD CHANT.(CUBRUN TREAT PLANT, Not in a city, Virginia",37.4315734,-78.6568942,"Virginia, USA",USC00444046,4.251051919193631,37.3956,-78.6406
Seven Corners,Fairfax,Virginia,          6100 ARLINGTON BLVD MONTG WARD,51,59,1004,"          6100 ARLINGTON BLVD MONTG WARD, Seven Corners, Virginia",38.868555,-77.1422248,"6100 Arlington Blvd, Falls Church, VA 22044, USA",US1VAAR0011,1.441962160996792,38.8787,-77.1526
McLean,Fairfax,Virginia,LEWINSVILLE 1437 BALLS HILL RD,51,59,5001,"LEWINSVILLE 1437 BALLS HILL RD, McLean, Virginia",38.9326984,-77.1984865,"1437 Balls Hill Rd, McLean, VA 22101, USA",US1VAFX0125,1.9334148751606077,38.9234,-77.1796
Alexandria,Alexandria City,Virginia,"517 N SAINT ASAPH ST, ALEXANDRIA HEALTH",51,510,9,"517 N SAINT ASAPH ST, ALEXANDRIA HEALTH, Alexandria, Virginia",38.8099866,-77.0445462,"517 N St Asaph St, Alexandria, VA 22314, USA",USC00440097,0.8834818489403821,38.8167,-77.05
Oakland,Alameda,California,6701 INTERNATIONAL BLVD,6,1,10,"6701 INTERNATIONAL BLVD, Oakland, California",37.7609778,-122.1919136,"6701 International Blvd, Oakland, CA 94621, USA",US10furn006,1931.9587637502823,40.0096,-99.9996
Crockett,Contra Costa,California,1098 POMONA STREET,6,13,10,"1098 POMONA STREET, Crockett, California",38.0532134,-122.2221445,"1098 Pomona St, Crockett, CA 94525, USA",US10furn006,1926.732357506545,40.0096,-99.9996
Los Angeles,Los Angeles,California,651 S. MOTT STREET (SB 25 TRAILER),6,37,30,"651 S. MOTT STREET (SB 25 TRAILER), Los Angeles, California",34.0346445,-118.2110628,"651 S Mott St, Los Angeles, CA 90023, USA",US1OKHN0001,1672.085458191519,34.9174,-99.976
West Los Angeles,Los Angeles,California,"1115 N. MAHAR AVENUE WILMINGTON, CA",6,37,31,"1115 N. MAHAR AVENUE WILMINGTON, CA, West Los Angeles, California",33.7857763,-118.2467436,"1115 Mahar Ave, Wilmington, CA 90744, USA",US1OKHN0001,1679.658046468882,34.9174,-99.976
East Saint Louis,Saint Clair,Illinois,13TH & TUDOR,17,163,10,"13TH & TUDOR, East Saint Louis, Illinois",38.604578,-90.1524515,"Tudor Ave, East St Louis, IL, USA",US1ILSC0038,2.7455080960311946,38.629,-90.1478
Ashland,Boyd,Kentucky,"FIVCO HEALTH DEPARTMENT, 2924 HOLT STREET",21,19,17,"FIVCO HEALTH DEPARTMENT, 2924 HOLT STREET, Ashland, Kentucky",38.459673,-82.6406935,"2924 Holt St, Ashland, KY 41101, USA",USC00150254,2.4957808158044212,38.4536,-82.6131
Boston,Suffolk,Massachusetts,HARRISON AVE,25,25,42,"HARRISON AVE, Boston, Massachusetts",42.3388241,-71.0703135,"Harrison Ave, Boston, MA, USA",USC00190768,1.2776957976859942,42.35,-71.0667
Breckenridge Hills,Saint Louis,Missouri,"9630 ST CHAS ROCK RD, BREKENRIDGE 63314",29,189,7003,"9630 ST CHAS ROCK RD, BREKENRIDGE 63314, Breckenridge Hills, Missouri",38.7193767,-90.3668774,"9630 St Charles Rock Rd, Breckenridge Hills, MO 63114, USA",US1MOSL0064,1.7079359402656729,38.7174,-90.3864
Boulder City,Clark,Nevada,1005 INDUSTRIAL ROAD,32,3,601,"1005 INDUSTRIAL ROAD, Boulder City, Nevada",35.977826,-114.8470577,"1005 Industrial Rd, Boulder City, NV 89005, USA",USC00142560,1331.1567777240691,37.0458,-99.9964
Newark,Essex,New Jersey,"LEXINGTON & E. FERRY STS., NEWARK",34,13,16,"LEXINGTON & E. FERRY STS., NEWARK, Newark, New Jersey",40.7315293,-74.1744671,"Newark, NJ, USA",USC00283704,2.647635899977927,40.7481,-74.1519
New York,Queens,New York,Queens College   65-30 Kissena Blvd  Parking Lot#6,36,81,124,"Queens College   65-30 Kissena Blvd  Parking Lot#6, New York, New York",40.7372003,-73.8245359,"Queens Hall, 65-21 Main St #6, Flushing, NY 11367, USA",US1NYQN0027,4.696873483236096,40.7781,-73.8106
Miami,Ottawa,Oklahoma,"QUAPAW TRIBE'S INDUSTRIAL PARK, MIAMI",40,115,9004,"QUAPAW TRIBE'S INDUSTRIAL PARK, MIAMI, Miami, Oklahoma",36.8745146,-94.8774554,"Miami, OK 74354, USA",USC00345855,1.106599483316739,36.8833,-94.8833
San Pablo,Contra Costa,California,"1865 D RUMRILL BLVD, San Pablo",6,13,1004,"1865 D RUMRILL BLVD, San Pablo, San Pablo, California",37.9603832,-122.3568197,"1865 Rumrill Blvd, San Pablo, CA 94806, USA",US10furn006,1940.6260015972027,40.0096,-99.9996
Grand Rapids,Kent,Michigan,1179 MONROE NW,26,81,20,"1179 MONROE NW, Grand Rapids, Michigan",42.9844794,-85.6712665,"1179 Monroe Ave NW, Grand Rapids, MI 49503, USA",USC00203337,2.0115826087656887,42.9667,-85.6667
Manchester,Hillsborough,New Hampshire,PEARL ST,33,11,20,"PEARL ST, Manchester, New Hampshire",42.9965634,-71.4541231,"Pearl St, Manchester, NH, USA",US1NHHL0069,0.9827329700543429,42.998,-71.4422
Not in a city,Haywood,Tennessee,1741 HILLVILLE LOOP ROAD,47,75,3,"1741 HILLVILLE LOOP ROAD, Not in a city, Tennessee",35.4677793,-89.1713697,"1741 Hillville Loop, Whiteville, TN 38075, USA",US1TNHW0005,3.541859773449261,35.4388,-89.1876
Not in a city,Meigs,Tennessee,8401 HIGHWAY 60,47,121,104,"8401 HIGHWAY 60, Not in a city, Tennessee",35.2904151,-84.94699609999999,"8401 TN-60, Georgetown, TN 37336, USA",USC00406237,7.920956465232757,35.3333,-85.0167
Fresno,Fresno,California,1005 W. WELDON AVENUE,6,19,243,"1005 W. WELDON AVENUE, Fresno, California",36.7673955,-119.8225869,"1005 W Weldon Ave, Fresno, CA 93705, USA",US1KSFO0010,1754.409930383702,37.767,-99.9994
Fresno,Fresno,California,MOBILE,6,19,244,"MOBILE, Fresno, California",36.8088067,-119.7818398,"388 E Shaw Ave, Fresno, CA 93710, USA",US1KSFO0010,1750.0673639738543,37.767,-99.9994
Not in a city,Charleston,South Carolina,390 BULLS ISLAND ROAD (AWENDAW) [Cape Romain],45,19,46,"390 BULLS ISLAND ROAD (AWENDAW) [Cape Romain], Not in a city, South Carolina",32.9905691,-79.6461092,"Awendaw, SC 29429, USA",US1SCBK0020,11.331079680374037,33.0261,-79.76
Los Angeles,Los Angeles,California,7201 W. WESTCHESTER PARKWAY,6,37,5005,"7201 W. WESTCHESTER PARKWAY, Los Angeles, California",33.95312,-118.42017,"7201 Westchester Pkwy, Los Angeles, CA 90045, USA",US1OKHN0001,1692.5109082346448,34.9174,-99.976
San Francisco,San Francisco,California,"100 WHITNEY YOUNG CIRCLE, SAN FRANCISCO",6,75,6,"100 WHITNEY YOUNG CIRCLE, SAN FRANCISCO, San Francisco, California",37.7340456,-122.3840568,"100 Whitney Young Cir, San Francisco, CA 94124, USA",US10furn006,1949.0670426900717,40.0096,-99.9996
Phoenix,Maricopa,Arizona,4530 N 17TH AVENUE,4,13,9997,"4530 N 17TH AVENUE, Phoenix, Arizona",33.503616,-112.0958365,"4530 N 17th Ave, Phoenix, AZ 85015, USA",US1TXFD0003,1124.4278252602105,34.1176,-99.9406
San Diego,San Diego,California,"1110 BEARDSLEY STREET, SAN DIEGO, CA 92112",6,73,1010,"1110 BEARDSLEY STREET, SAN DIEGO, CA 92112, San Diego, California",32.7011313,-117.1483728,"1110 Beardsley St, San Diego, CA 92113, USA",US1TXFD0003,1603.0713794464689,34.1176,-99.9406
Denver,Denver,Colorado,2105 BROADWAY,8,31,2,"2105 BROADWAY, Denver, Colorado",39.7511725,-104.9876488,"2105 Broadway, Denver, CO 80205, USA",US10furn006,426.5392994612945,40.0096,-99.9996
Kenner,Jefferson,Louisiana,West Temple Pl,22,51,1001,"West Temple Pl, Kenner, Louisiana",30.0409127,-90.2730582,"W Temple St, Kenner, LA 70065, USA",USW00012916,4.848812196591664,29.9975,-90.2778
Erie,Erie,Pennsylvania,10TH AND MARNE STREETS,42,49,3,"10TH AND MARNE STREETS, Erie, Pennsylvania",42.1425949,-80.0397928,"Marne Rd, Erie, PA 16511, USA",USC00362677,4.600370816104961,42.1167,-80.0833
Eureka,Humboldt,California,717 SOUTH AVENUE,6,23,1004,"717 SOUTH AVENUE, Eureka, California",40.776368,-124.1784029,"717 South Ave, Eureka, CA 95503, USA",US10keya003,2011.295216362614,42.943,-99.9812
New Haven,New Haven,Connecticut,1JAMES STREET,9,9,27,"1JAMES STREET, New Haven, Connecticut",41.3015183,-72.9019278,"1 James St, New Haven, CT 06513, USA",USC00065266,2.6261337779907175,41.3,-72.9333
Davenport,Scott,Iowa,10TH ST. & VINE ST. DAVENPORT,19,163,15,"10TH ST. & VINE ST. DAVENPORT, Davenport, Iowa",41.5298909,-90.5873464,"W 10th St & Vine St, Davenport, IA 52804, USA",US1IAST0009,0.36603066060885536,41.5324,-90.5845
Presque Isle,Aroostook,Maine,"8 NORTHERN ROAD, PRESQUE ISLE, ME 04769",23,3,1100,"8 NORTHERN ROAD, PRESQUE ISLE, ME 04769, Presque Isle, Maine",46.6969423,-68.033486,"8 Northern Rd, Presque Isle, ME 04769, USA",USW00014604,1.971723404026236,46.6833,-68.05
Essex,Baltimore,Maryland,600 Dorsey Avenue,24,5,3001,"600 Dorsey Avenue, Essex, Maryland",39.310555,-76.4740166,"600 Dorsey Ave, Essex, MD 21221, USA",US1MDBL0048,0.9700436065163776,39.3045,-76.4659
Tulsa,Tulsa,Oklahoma,3520 1/2 N. PEORIA,40,143,1127,"3520 1/2 N. PEORIA, Tulsa, Oklahoma",36.1597792,-95.9752861,"1/2 N Peoria Ave, Tulsa, OK 74126, USA",USC00348987,2.470979692807687,36.15,-96.0
Not in a city,Dauphin,Pennsylvania,"651 Gibson Blvd., Harrisburg, PA 17104",42,43,401,"651 Gibson Blvd., Harrisburg, PA 17104, Not in a city, Pennsylvania",40.2731911,-76.8867008,"Harrisburg, PA, USA",US1PADP0010,0.48732273635354595,40.2715,-76.892
Wilkes-Barre,Luzerne,Pennsylvania,CHILWICK & WASHINGTON STS,42,79,1101,"CHILWICK & WASHINGTON STS, Wilkes-Barre, Pennsylvania",41.2663051,-75.8468094,"Chilwick St, Wilkes-Barre, PA 18705, USA",US1PALZ0024,3.6475774893638384,41.2949,-75.8682
Houston,Harris,Texas,7421 Park Place Blvd,48,201,416,"7421 Park Place Blvd, Houston, Texas",29.6855971,-95.294806,"7421 Park Pl Blvd, Houston, TX 77087, USA",USC00414319,1.1404778934198254,29.6833,-95.2833
Annandale,Fairfax,Virginia,6507 COLUMBIA PIKE,51,59,1005,"6507 COLUMBIA PIKE, Annandale, Virginia",38.8374633,-77.1635558,"6507 Columbia Pike, Annandale, VA 22003, USA",US1VAFX0002,0.41322370106573497,38.8407,-77.1659
Milwaukee,Milwaukee,Wisconsin,2300 N M. L. KING JR DR,55,79,26,"2300 N M. L. KING JR DR, Milwaukee, Wisconsin",43.060706,-87.9137054,"2300 N Doctor M.L.K. Jr Dr, Milwaukee, WI 53212, USA",US1WIMW0005,1.2238876007529909,43.0683,-87.9028
Tijuana,BAJA CALIFORNIA NORTE,Country Of Mexico,"13891 CAJEME, LA MESA",80,2,3,"13891 CAJEME, LA MESA, Tijuana, Country Of Mexico",32.4947554,-116.9766872,"Cajeme, Sonora, 22195 Tijuana, B.C., Mexico",US1TXKX0003,1590.6320356344881,33.4873,-99.9437
Rosarito,BAJA CALIFORNIA NORTE,Country Of Mexico,"3 BLKS E BLVD BENITO JUAREZ, ROSARITO",80,2,4,"3 BLKS E BLVD BENITO JUAREZ, ROSARITO, Rosarito, Country Of Mexico",32.3504568,-117.0598891,"Blvd. Benito Juárez, Playas de Rosarito, B.C., Mexico",US1TXKX0003,1600.8264301312097,33.4873,-99.9437
Mexicali,BAJA CALIFORNIA NORTE,Country Of Mexico,"UABC, CALZADA BENITO JUAREZ, MEXICALI",80,2,12,"UABC, CALZADA BENITO JUAREZ, MEXICALI, Mexicali, Country Of Mexico",32.6316991,-115.4446964,"S/N, Blvd. Benito Juárez, Insurgentes Este, 21280 Mexicali, Baja California, Mexico",US1TXKX0003,1446.3683221355857,33.4873,-99.9437
North Little Rock,Pulaski,Arkansas,PIKE AVE AT RIVER ROAD,5,119,7,"PIKE AVE AT RIVER ROAD, North Little Rock, Arkansas",34.7802495,-92.2777603,"Pike Ave, North Little Rock, AR, USA",US1ARPS0020,1.3295883255294483,34.785,-92.2644
Berkeley,Alameda,California,1340 Sixth Street,6,1,2004,"1340 Sixth Street, Berkeley, California",37.8777467,-122.3010775,"1340 Sixth St, Berkeley, CA 94710, USA",US10furn006,1938.0790277409028,40.0096,-99.9996
Fresno,Fresno,California,"3425 N FIRST ST, FRESNO",6,19,8,"3425 N FIRST ST, FRESNO, Fresno, California",36.7817868,-119.7729066,"3425 N First St, Fresno, CA 93726, USA",US1KSFO0010,1749.7801415017516,37.767,-99.9994
Benicia,Solano,California,"E SECOND ST, BENICIA",6,95,6,"E SECOND ST, BENICIA, Benicia, California",38.0657521,-122.1465991,"E 2nd St, Benicia, CA 94510, USA",US10furn006,1919.975231618613,40.0096,-99.9996
Westport,Fairfield,Connecticut,SHERWOOD ISLAND STATE PARK,9,1,9003,"SHERWOOD ISLAND STATE PARK, Westport, Connecticut",41.1165359,-73.3315777,"Sherwood Island State Park, Sherwood Island Connector, Westport, CT 06880, USA",US1CTFR0020,3.1834308770308293,41.1328,-73.3003
East Hartford,Hartford,Connecticut,Remington Road (see coordinates),9,3,1003,"Remington Road (see coordinates), East Hartford, Connecticut",41.8469807,-72.6498418,"Remington Rd, Windsor, CT 06095, USA",US1CTHR0124,1.5921241943864581,41.8328,-72.6525
Valrico,Hillsborough,Florida,1167 NORTH DOVER ROAD,12,57,3002,"1167 NORTH DOVER ROAD, Valrico, Florida",27.9548314,-82.2304351,"1167 N Dover Rd, Dover, FL 33527, USA",US1FLHB0160,2.72211922391465,27.9665,-82.2548
Northbrook,Cook,Illinois,750 DUNDEE ROAD,17,31,4201,"750 DUNDEE ROAD, Northbrook, Illinois",42.1410525,-87.7991847,"750 Dundee Rd, Northbrook, IL 60062, USA",USC00111497,1.1507766793658651,42.14,-87.7853
Des Moines,Polk,Iowa,"1907 CARPENTER, DES MOINES IOWA",19,153,30,"1907 CARPENTER, DES MOINES IOWA, Des Moines, Iowa",41.60311490000001,-93.6432775,"1907 Carpenter Ave, Des Moines, IA 50314, USA",USC00132207,2.1831227485807747,41.6122,-93.62
Beltsville,Prince George's,Maryland,"Howard University's Beltsville Laboratory, 12003 Old Baltimore Pike",24,33,30,"Howard University's Beltsville Laboratory, 12003 Old Baltimore Pike, Beltsville, Maryland",39.0563434,-76.8841094,"12003 Old Baltimore Pike, Beltsville, MD 20705, USA",US1MDPG0009,1.3563253637506156,39.0443,-76.8866
New York,Bronx,New York,200TH STREET AND SOUTHERN BOULDVARD Pfizer Lab,36,5,133,"200TH STREET AND SOUTHERN BOULDVARD Pfizer Lab, New York, New York",40.8660593,-73.88263669999999,"Bedford Park Blvd & Southern Blvd, Bronx, NY 10458, USA",USC00305799,0.09047956833696223,40.8667,-73.8833
Portland,Multnomah,Oregon,SE LAFAYETTE/5824 SE LAFAYETTE,41,51,80,"SE LAFAYETTE/5824 SE LAFAYETTE, Portland, Oregon",45.4966527,-122.6029267,"5824 SE Lafayette St, Portland, OR 97206, USA",US1NDPR0002,1739.312313082966,48.3578,-99.9958
Not in a city,Berks,Pennsylvania,1059 Arnold Road,42,11,11,"1059 Arnold Road, Not in a city, Pennsylvania",41.0683043,-76.9272866,"1059 Arnold Rd, New Columbia, PA 17856, USA",USC00369345,5.345299625322655,41.0833,-76.8667
Waco,McLennan,Texas,4472 Mazanec Rd,48,309,1037,"4472 Mazanec Rd, Waco, Texas",31.6531799,-97.0703539,"4472 Mazanec Rd, Waco, TX 76705, USA",USW00013928,2.2374418373071223,31.6333,-97.0667
Not in a city,Uinta,Wyoming,Murphy Ridge LOCATED NEAR WYOMING UTAH BORDER,56,41,101,"Murphy Ridge LOCATED NEAR WYOMING UTAH BORDER, Not in a city, Wyoming",40.7606608,-111.8939487,"Utah, USA",US10cust015,1000.6323163449522,41.7171,-99.9848
Fontana,San Bernardino,California,"14360 ARROW BLVD., FONTANA",6,71,2002,"14360 ARROW BLVD., FONTANA, Fontana, California",34.0995985,-117.4919084,"14360 Arrow Route, Fontana, CA 92335, USA",US1OKHN0001,1605.496914461729,34.9174,-99.976
Portland,Cumberland,Maine,"356 State Street, Portland,  Maine",23,5,29,"356 State Street, Portland,  Maine, Portland, Maine",43.6595023,-70.2695802,"356 State St, Portland, ME 04101, USA",USC00176900,1.7667098660803553,43.6667,-70.25
Not in a city,Steuben,New York,"8301 ACKERSON ROAD, Pinnacle State Park",36,101,3,"8301 ACKERSON ROAD, Pinnacle State Park, Not in a city, New York",40.7127753,-74.0059728,"New York, NY, USA",USC00305816,0.734412594505938,40.7106,-74.0142
Not in a city,Cass,North Dakota,4266 40TH AVE NORTH,38,17,1004,"4266 40TH AVE NORTH, Not in a city, North Dakota",47.9619881,-97.1314096,"40th Ave N, North Dakota 58203, USA",USW00014916,4.40126207141966,47.9428,-97.1831
Cherry Tree,Adair,Oklahoma,"South Highway 59, RR1, 1795 Dahlonegah Park Road, Stilwell, Oklahoma",40,1,9009,"South Highway 59, RR1, 1795 Dahlonegah Park Road, Stilwell, Oklahoma, Cherry Tree, Oklahoma",35.7473692,-94.6644107,"Dahlonegah Park, Stilwell, OK 74960, USA",USC00345437,6.544562503184781,35.7628,-94.7344
Not in a city,Blount,Tennessee,GREAT SMOKY MOUNTAINS NP LOOK ROCK,47,9,101,"GREAT SMOKY MOUNTAINS NP LOOK ROCK, Not in a city, Tennessee",35.63343010000001,-83.9415846,"Look Rock, Tennessee 37803, USA",USC00400008,2.005348646558577,35.6167,-83.9333
San Antonio,Bexar,Texas,802 Pecan Valley Drive,48,29,55,"802 Pecan Valley Drive, San Antonio, Texas",29.4072793,-98.4320235,"802 Pecan Valley Dr, San Antonio, TX 78220, USA",US1TXBXR031,3.3209388235362756,29.3788,-98.4217
Not in a city,Bexar,Texas,7145 Gardner Roas,48,29,622,"7145 Gardner Roas, Not in a city, Texas",31.9009281,-106.6354355,"Gardner Rd, Texas, USA",USC00410493,629.310773989812,31.7414,-99.9764
San Jose,Santa Clara,California,158B JACKSON ST,6,85,5,"158B JACKSON ST, San Jose, California",37.3484541,-121.8951032,"158 Jackson St, San Jose, CA 95112, USA",US1KSNT0010,1917.7582769474425,39.6082,-99.9979
Not in a city,Ada,Idaho,"520 S. EAGLE ROAD,  MERIDIAN",16,1,10,"520 S. EAGLE ROAD,  MERIDIAN, Not in a city, Idaho",43.5994634,-116.3525782,"520 S Eagle Rd, Meridian, ID 83642, USA",USC00390760,1309.4397794356564,44.5128,-99.9881
Athens,Athens,Ohio,7760 BLACKBURN ROAD,39,9,4,"7760 BLACKBURN ROAD, Athens, Ohio",39.31208950000001,-82.1218135,"7760 N Blackburn Rd, Athens, OH 45701, USA",US1OHAT0024,0.7999639531985914,39.3056,-82.1178
Not in a city,Medina,Ohio,BALLASH ROAD,39,103,4,"BALLASH ROAD, Not in a city, Ohio",41.0701191,-81.9274109,"Ballash Rd, Ohio, USA",USC00331541,2.1738190002680007,41.0517,-81.9361
Tucson,Pima,Arizona,400 W RIVER ROAD,4,19,1028,"400 W RIVER ROAD, Tucson, Arizona",32.2954435,-110.9825537,"400 W River Rd, Tucson, AZ 85704, USA",US1TXJO0001,1034.94478724646,32.7776,-99.9521
Oakland,Alameda,California,1100 21st Street,6,1,11,"1100 21st Street, Oakland, California",37.8147116,-122.2829337,"1100 21st St, Oakland, CA 94607, USA",US10furn006,1938.2389173803815,40.0096,-99.9996
Long Beach,Los Angeles,California,"2425 Webster St., Long Beach, CA",6,37,4006,"2425 Webster St., Long Beach, CA, Long Beach, California",33.8016335,-118.2204172,"2425 Webster Ave, Long Beach, CA 90810, USA",US1OKHN0001,1676.969741415276,34.9174,-99.976
Cupertino,Santa Clara,California,22601 Voss Ave,6,85,2009,"22601 Voss Ave, Cupertino, California",37.318326,-122.0705408,"22601 Voss Ave, Cupertino, CA 95014, USA",US1KSNT0010,1933.6158797484202,39.6082,-99.9979
Cornwall,Litchfield,Connecticut,MOHAWK MOUNTAIN ROAD (see coordinates),9,5,5,"MOHAWK MOUNTAIN ROAD (see coordinates), Cornwall, Connecticut",41.8329019,-73.2918054,"Mohawk Mountain Rd, Cornwall, CT, USA",USC00064933,0.6803668007160114,41.8333,-73.3
Not in a city,DeKalb,Georgia,"2390-B Wildcat Road, Decatur GA 30034",13,89,2,"2390-B Wildcat Road, Decatur GA 30034, Not in a city, Georgia",33.7748275,-84.2963123,"Decatur, GA, USA",US1GADK0033,1.6425102704837498,33.7826,-84.2812
Reno,Washoe,Nevada,"301 A STATE STREET, RENO, NV 89502",32,31,16,"301 A STATE STREET, RENO, NV 89502, Reno, Nevada",39.52525,-119.807688,"301 State St, Reno, NV 89501, USA",US10daws008,1685.9324909489624,40.7966,-99.9956
Pittsburgh,Allegheny,Pennsylvania,"301 39th St, Pittsburgh, PA 15201 (Lawrenceville)",42,3,8,"301 39th St, Pittsburgh, PA 15201 (Lawrenceville), Pittsburgh, Pennsylvania",40.4654163,-79.96061209999999,"301 39th St, Pittsburgh, PA 15201, USA",US1PAAL0070,0.5591945005578514,40.4623,-79.9658
El Paso,El Paso,Texas,800 S San Marcial Street,48,141,44,"800 S San Marcial Street, El Paso, Texas",31.7679564,-106.4541702,"800 S San Marcial St, El Paso, TX 79905, USA",USC00410493,612.3903406998261,31.7414,-99.9764
Deer Park,Harris,Texas,4514 1/2 Durant St,48,201,1039,"4514 1/2 Durant St, Deer Park, Texas",29.6694871,-95.1277261,"4514 Durant Ave, Deer Park, TX 77536, USA",USC00412348,5.277371277664058,29.7167,-95.1333
East Highland Park,Henrico,Virginia,2401 HARTMAN STREET  MATH & SCIENCE CTR,51,87,14,"2401 HARTMAN STREET  MATH & SCIENCE CTR, East Highland Park, Virginia",37.5565111,-77.40001989999999,"2401 Hartman St, Richmond, VA 23223, USA",US1VARCC012,2.4052958763762713,37.5349,-77.4012
Hampton,Hampton City,Virginia,"Adjacent to Building 1196, Wythe Landing Loop, NASA-Langley Research Center",51,650,8,"Adjacent to Building 1196, Wythe Landing Loop, NASA-Langley Research Center, Hampton, Virginia",37.1023484,-76.3883576,"Wythe Landing Loop, Hampton, VA, USA",US1VAPQC003,1.6012561361861113,37.1165,-76.3917
Not in a city,Humboldt,California,"170 meters SE of Donna Dr. & Humboldt Hill Rd., Eureka, CA",6,23,1005,"170 meters SE of Donna Dr. & Humboldt Hill Rd., Eureka, CA, Not in a city, California",40.8020712,-124.1636729,"Eureka, CA, USA",US1SDLY0011,2009.349213914853,44.0066,-99.9858
El Cajon,San Diego,California,"1155 REDWOOD AVE., EL CAJON",6,73,3,"1155 REDWOOD AVE., EL CAJON, El Cajon, California",32.7902712,-116.943233,"1155 Redwood Ave, El Cajon, CA 92019, USA",US1TXFD0003,1582.4355592014442,34.1176,-99.9406
Wilmington,New Castle,Delaware,MLK BLVD AND JUSTISON ST.,10,3,2004,"MLK BLVD AND JUSTISON ST., Wilmington, Delaware",39.739921,-75.5575187,"Justison St & M.L.K. Jr. Blvd, Wilmington, DE 19801, USA",USC00079600,1.2920042756085017,39.75,-75.55
Washington,District of Columbia,District Of Columbia,"2500 1ST STREET, N.W. WASHINGTON DC",11,1,43,"2500 1ST STREET, N.W. WASHINGTON DC, Washington, District Of Columbia",38.9222994,-77.0123449,"2500 1st St NW, Washington, DC 20001, USA",USC00189035,1.2799098308302916,38.9333,-77.0167
Not in a city,Honolulu,Hawaii,2052 LAUWILIWILI ST,15,3,10,"2052 LAUWILIWILI ST, Not in a city, Hawaii",21.3237277,-158.0886805,"2052 Lauwiliwili St, Kapolei, HI 96707, USA",USW00022703,2586.7864714572943,28.2167,177.3833
Blaine,Anoka,Minnesota,9399 Lima St,27,3,1002,"9399 Lima St, Blaine, Minnesota",45.142979,-93.2221373,"Lima St, Blaine, MN 55449, USA",US1MNAA0020,2.674302048671507,45.1646,-93.2072
Newark,Essex,New Jersey,360 Clinton Avenue,34,13,3,"360 Clinton Avenue, Newark, New Jersey",40.7213269,-74.1932605,"360 Clinton Ave, Newark, NJ 07108, USA",USC00283704,4.58336771849184,40.7481,-74.1519
Albuquerque,Bernalillo,New Mexico,4700A SAN MATEO NE,35,1,23,"4700A SAN MATEO NE, Albuquerque, New Mexico",35.1347141,-106.5861859,"4700 San Mateo Ln NE, Albuquerque, NM 87109, USA",US1OKHN0001,602.2746368891496,34.9174,-99.976
Rochester,Monroe,New York,"2 YARMOUTH ROAD, RG&E Substation",36,55,1007,"2 YARMOUTH ROAD, RG&E Substation, Rochester, New York",43.1462232,-77.54910930000001,"2 Yarmouth Rd, Rochester, NY 14610, USA",US1NYMR0044,2.412395885728083,43.1677,-77.5449
Cleveland,Cuyahoga,Ohio,E. 14TH & ORANGE,39,35,60,"E. 14TH & ORANGE, Cleveland, Ohio",41.4987233,-81.6799139,"E 14th St, Cleveland, OH, USA",USC00331662,1.1095844138076956,41.5,-81.6667
Cincinnati,Hamilton,Ohio,250 WM. HOWARD TAFT,39,61,40,"250 WM. HOWARD TAFT, Cincinnati, Ohio",39.1288105,-84.50387769999999,"250 William Howard Taft Rd, Cincinnati, OH 45219, USA",USW00093890,2.6027704896087354,39.15,-84.5167
Oklahoma City,Oklahoma,Oklahoma,2501 E. Memorial Rd.  (OKLAHOMA CHRISTIAN UNIVERSITY),40,109,1037,"2501 E. Memorial Rd.  (OKLAHOMA CHRISTIAN UNIVERSITY), Oklahoma City, Oklahoma",35.6090287,-97.4688353,"2501 E Memorial Rd, Edmond, OK 73013, USA",US1OKOK0129,0.21985378509497397,35.6071,-97.4683
East Providence,Providence,Rhode Island,"FRANCIS SCHOOL, 64 BOURNE AVE",44,7,1010,"FRANCIS SCHOOL, 64 BOURNE AVE, East Providence, Rhode Island",41.8416074,-71.3606451,"64 Bourne Ave, Rumford, RI 02916, USA",US1RIPR0138,0.5025545502215543,41.8371,-71.3602
Sioux Falls,Minnehaha,South Dakota,2001 E 8th St,46,99,8,"2001 E 8th St, Sioux Falls, South Dakota",43.5474533,-96.7005739,"2001 E 8th St, Sioux Falls, SD 57103, USA",US1SDMH0121,1.4682102339776353,43.5505,-96.7183
Salt Lake City,Salt Lake,Utah,"1675 SOUTH 600 EAST, SALT LAKE CITY",49,35,3006,"1675 SOUTH 600 EAST, SALT LAKE CITY, Salt Lake City, Utah",40.734019,-111.8728813,"1675 S 600 E, Salt Lake City, UT 84105, USA",US10cust015,999.4041745504805,41.7171,-99.9848
Not in a city,Laramie,Wyoming,NCore - North Cheyenne Soccer Complex,56,21,100,"NCore - North Cheyenne Soccer Complex, Not in a city, Wyoming",41.1770895,-104.8362086,"N Cheyenne Ln, Cheyenne, WY 82009, USA",US10cust021,407.1340292714596,41.4517,-99.9745
Not in a city,Sweetwater,Wyoming,Tata Gaseous,56,37,870,"Tata Gaseous, Not in a city, Wyoming",43.0759678,-107.2902839,"Wyoming, USA",US10keya003,594.2993892082519,42.943,-99.9812
Fresno,Fresno,California,"3727 N FIRST ST, FRESNO",6,19,11,"3727 N FIRST ST, FRESNO, Fresno, California",36.7852853,-119.7731159,"3727 N First St, Fresno, CA 93726, USA",US1KSFO0010,1749.7338673595937,37.767,-99.9994
Not in a city,Jackson,Colorado,"Walden, Colorado - Chandler Ranch",8,57,3,"Walden, Colorado - Chandler Ranch, Not in a city, Colorado",40.73164329999999,-106.2836373,"Walden, CO 80480, USA",US10daws008,529.5110935944284,40.7966,-99.9956
Camden,Camden,New Jersey,266 Spruce Street,34,7,2,"266 Spruce Street, Camden, New Jersey",39.93450199999999,-75.1247549,"266 Spruce St, Camden, NJ 08103, USA",USC00281280,2.0952739758693073,39.9167,-75.1167
Austin,Travis,Texas,3724 North Hills Dr,48,453,14,"3724 North Hills Dr, Austin, Texas",30.3547676,-97.7595751,"3724 N Hills Dr, Austin, TX 78731, USA",US1TXTV0279,0.6301470970104028,30.3492,-97.7608
Roosevelt,Duchesne,Utah,290 S. 1000 W.,49,13,2,"290 S. 1000 W., Roosevelt, Utah",40.29561160000001,-110.0091895,"290 S 1000 W, Roosevelt, UT 84066, USA",US10daws008,847.468236477928,40.7966,-99.9956
Not in a city,Uintah,Utah,"Accessed from Dragon Road/145-S, Uintah Co, UT",49,47,5632,"Accessed from Dragon Road/145-S, Uintah Co, UT, Not in a city, Utah",39.8543361,-109.1154136,"Dragon Rd, Utah, USA",US10furn006,777.1132698955428,40.0096,-99.9996
Not in a city,Alexandria City,Virginia,3200 Colvin Street,51,510,21,"3200 Colvin Street, Not in a city, Virginia",38.8069219,-77.0851849,"3200 Colvin St, Alexandria, VA 22314, USA",US1VAALC007,0.4057189231186379,38.8104,-77.0866
Birmingham,Jefferson,Alabama,"NO. B'HAM,SOU R.R., 3009 28TH ST. NO.",1,73,23,"NO. B'HAM,SOU R.R., 3009 28TH ST. NO., Birmingham, Alabama",33.5529416,-86.8148964,"3009 28th St N, Birmingham, AL 35207, USA",USC00010836,2.771125774892716,33.5333,-86.8333
Indianapolis (Remainder),Marion,Indiana,"3120 E. 30TH ST., WASHINGTON PARK",18,97,78,"3120 E. 30TH ST., WASHINGTON PARK, Indianapolis (Remainder), Indiana",39.8111812,-86.1159345,"3120 E 30th St, Indianapolis, IN 46218, USA",US1INMR0215,2.9031588490868567,39.8322,-86.1361
Louisville,Jefferson,Kentucky,"2730 CANNONS LANE, BOWMAN FIELD",21,111,67,"2730 CANNONS LANE, BOWMAN FIELD, Louisville, Kentucky",38.2290568,-85.65378249999999,"2730 Cannons Ln, Louisville, KY 40205, USA",USW00013810,0.8255185153072429,38.2303,-85.6631
St. Louis,St. Louis City,Missouri,"BLAIR STREET: 3247 Blair Street, St. Louis, MO 63107",29,510,85,"BLAIR STREET: 3247 Blair Street, St. Louis, MO 63107, St. Louis, Missouri",38.656431,-90.1985425,"3247 Blair Ave, St. Louis, MO 63107, USA",USW00093963,3.471254261662985,38.6289,-90.1797
Not in a city,Union,South Dakota,31986 475th Ave,46,127,1,"31986 475th Ave, Not in a city, South Dakota",42.7542404,-96.7074703,"31986 475th Ave, Elk Point, SD 57025, USA",US1SDUN0010,1.2189307798730251,42.7624,-96.6975
Vinton,Roanoke,Virginia,HERMAN HORN ELEMENTARY SCHOOL,51,161,1004,"HERMAN HORN ELEMENTARY SCHOOL, Vinton, Virginia",37.28306600000001,-79.88271999999999,"1002 Ruddell Rd, Vinton, VA 24179, USA",US1VARN0015,0.400729380129767,37.2809,-79.8791
Seattle,King,Washington,4103 BEACON HILL S,53,33,80,"4103 BEACON HILL S, Seattle, Washington",47.5792689,-122.3117063,"Beacon Hill, Seattle, WA 98144, USA",US1NDPR0002,1657.77814319179,48.3578,-99.9958
Fairbanks,Fairbanks North Star ,Alaska,809 Pioneer Road,2,90,34,"809 Pioneer Road, Fairbanks, Alaska",64.8451307,-147.7259705,"809 Pioneer Rd, Fairbanks, AK 99701, USA",USW00026703,1923.1314643566545,63.7833,171.75
El Cajon,San Diego,California,10537 FLOYD SMITH DRIVE,6,73,1018,"10537 FLOYD SMITH DRIVE, El Cajon, California",32.8181281,-116.9692654,"Floyd Smith Dr, El Cajon, CA 92020, USA",US1OKHN0001,1584.2432744618266,34.9174,-99.976
Not in a city,Denver,Colorado,4545 Navajo St.,8,31,26,"4545 Navajo St., Not in a city, Colorado",39.6731062,-105.0040684,"4545 S Navajo St, Denver, CO 80223, USA",US1KSNT0010,428.6676091489539,39.6082,-99.9979
Grantsville,Garrett,Maryland,"Piney Run, Frostburg Reservoir, Finzel",24,23,2,"Piney Run, Frostburg Reservoir, Finzel, Grantsville, Maryland",39.6950833,-79.15114109999999,"Grantsville, MD 21536, USA",USC00183795,0.5553606180642265,39.7,-79.15
Not in a city,Rockingham,New Hampshire,150 Pillsbury Rd,33,15,18,"150 Pillsbury Rd, Not in a city, New Hampshire",42.8634812,-71.37967789999999,"150 Pillsbury Rd, Londonderry, NH 03053, USA",US1NHRC0027,0.521442811164477,42.8666,-71.3749
Raleigh,Wake,North Carolina,3801 SPRING FOREST RD.,37,183,14,"3801 SPRING FOREST RD., Raleigh, North Carolina",35.8567384,-78.5764284,"3801 Spring Forest Rd, Raleigh, NC 27616, USA",US1NCWK0013,1.0940148677862918,35.8624,-78.5665
Not in a city,Adams,Pennsylvania,NARSTO SITE - ARENDTSVILLE,42,1,1,"NARSTO SITE - ARENDTSVILLE, Not in a city, Pennsylvania",39.923149,-77.2985956,"Arendtsville, PA, USA",US1PAAD0011,0.43802294095560973,39.9198,-77.3013
Riverton,Fremont,Wyoming,"90 GAS HILL ROAD, RIVERTON, WY",56,13,6001,"90 GAS HILL ROAD, RIVERTON, WY, Riverton, Wyoming",42.99479609999999,-108.3714835,"90 Gas Hills Rd, Riverton, WY 82501, USA",US10keya003,682.4073674845358,42.943,-99.9812
Dentsville (Dents),Richland,South Carolina,8311 PARKLANE ROAD [Parklane],45,79,7,"8311 PARKLANE ROAD [Parklane], Dentsville (Dents), South Carolina",34.09384,-80.96075479999999,"8311 Parklane Rd, Columbia, SC 29223, USA",US1SCRC0147,2.9545047535216624,34.1154,-80.942
